,direction,from_node_id,geometry,jam_density,lane_cap,latitude,length,link_id,link_type,link_type_name,magtude,name,number_of_lanes,speed_limit,to_node_id,wave_speed
0,1,1285,"<LineString><coordinates>-111.943367,40.616329,0.0 -111.938847,40.616612,0.0</coordinates></LineString>",220.0,10000.0,40.616329,0.2384,1,1,Freeway,0.0 -111.938847,CONNECTOR,7,21.0,5018,12.0
1,1,1286,"<LineString><coordinates>-111.934327,40.630772,0.0 -111.934095,40.624020,0.0</coordinates></LineString>",220.0,10000.0,40.630772,0.466,1,1,Freeway,0.0 -111.934095,CONNECTOR,7,21.0,11125,12.0
2,1,1289,"<LineString><coordinates>-111.933869,40.616581,0.0 -111.929252,40.616548,0.0</coordinates></LineString>",220.0,10000.0,40.616581,0.2427,1,1,Freeway,0.0 -111.929252,CONNECTOR,7,21.0,4952,12.0
3,1,1289,"<LineString><coordinates>-111.933867,40.616833,0.0 -111.938854,40.616863,0.0</coordinates></LineString>",220.0,10000.0,40.616833,0.2621,1,1,Freeway,0.0 -111.938854,CONNECTOR,7,21.0,5018,12.0
4,1,1289,"<LineString><coordinates>-111.933989,40.616673,0.0 -111.931940,40.609492,0.0</coordinates></LineString>",220.0,10000.0,40.616673,0.5069,1,1,Freeway,0.0 -111.931940,CONNECTOR,7,21.0,11124,12.0
5,1,1289,"<LineString><coordinates>-111.933743,40.616709,0.0 -111.933845,40.624026,0.0</coordinates></LineString>",220.0,10000.0,40.616709,0.5047,1,1,Freeway,0.0 -111.933845,CONNECTOR,7,21.0,11125,12.0
6,1,1290,"<LineString><coordinates>-111.924514,40.617259,0.0 -111.929263,40.616799,0.0</coordinates></LineString>",220.0,10000.0,40.617259,0.2516,1,1,Freeway,0.0 -111.929263,CONNECTOR,7,21.0,4952,12.0
7,1,1296,"<LineString><coordinates>-111.915607,40.613600,0.0 -111.911898,40.614547,0.0</coordinates></LineString>",220.0,10000.0,40.6136,0.2056,1,1,Freeway,0.0 -111.911898,CONNECTOR,7,21.0,5240,12.0
8,1,1299,"<LineString><coordinates>-111.907962,40.616259,0.0 -111.910140,40.618614,0.0</coordinates></LineString>",220.0,10000.0,40.616259,0.1988,1,1,Freeway,0.0 -111.910140,CONNECTOR,7,21.0,4958,12.0
9,1,1299,"<LineString><coordinates>-111.908179,40.616164,0.0 -111.907764,40.610901,0.0</coordinates></LineString>",220.0,10000.0,40.616164,0.3637,1,1,Freeway,0.0 -111.907764,CONNECTOR,7,21.0,11129,12.0
10,1,1314,"<LineString><coordinates>-111.944084,40.606201,0.0 -111.938868,40.605773,0.0</coordinates></LineString>",220.0,10000.0,40.606201,0.2758,1,1,Freeway,0.0 -111.938868,CONNECTOR,7,21.0,11146,12.0
11,1,1316,"<LineString><coordinates>-111.943538,40.597883,0.0 -111.938766,40.598916,0.0</coordinates></LineString>",220.0,10000.0,40.597883,0.2608,1,1,Freeway,0.0 -111.938766,CONNECTOR,7,21.0,11148,12.0
12,1,1318,"<LineString><coordinates>-111.943412,40.590766,0.0 -111.938879,40.590719,0.0</coordinates></LineString>",220.0,10000.0,40.590766,0.2384,1,1,Freeway,0.0 -111.938879,CONNECTOR,7,21.0,11160,12.0
13,1,1319,"<LineString><coordinates>-111.934326,40.607202,0.0 -111.931737,40.609431,0.0</coordinates></LineString>",220.0,10000.0,40.607202,0.2054,1,1,Freeway,0.0 -111.931737,CONNECTOR,7,21.0,11124,12.0
14,1,1320,"<LineString><coordinates>-111.934081,40.599889,0.0 -111.929196,40.603217,0.0</coordinates></LineString>",220.0,10000.0,40.599889,0.3445,1,1,Freeway,0.0 -111.929196,CONNECTOR,7,21.0,5820,12.0
15,1,1320,"<LineString><coordinates>-111.934177,40.600116,0.0 -111.938818,40.599162,0.0</coordinates></LineString>",220.0,10000.0,40.600116,0.2527,1,1,Freeway,0.0 -111.938818,CONNECTOR,7,21.0,11148,12.0
16,1,1322,"<LineString><coordinates>-111.934474,40.590995,0.0 -111.934188,40.587770,0.0</coordinates></LineString>",220.0,10000.0,40.590995,0.2229,1,1,Freeway,0.0 -111.934188,CONNECTOR,7,21.0,5589,12.0
17,1,1322,"<LineString><coordinates>-111.934348,40.590880,0.0 -111.929271,40.590921,0.0</coordinates></LineString>",220.0,10000.0,40.59088,0.267,1,1,Freeway,0.0 -111.929271,CONNECTOR,7,21.0,11161,12.0
18,1,1323,"<LineString><coordinates>-111.921541,40.591633,0.0 -111.922298,40.587766,0.0</coordinates></LineString>",220.0,10000.0,40.591633,0.2697,1,1,Freeway,0.0 -111.922298,CONNECTOR,7,21.0,5592,12.0
19,1,1325,"<LineString><coordinates>-111.907449,40.592219,0.0 -111.904440,40.592260,0.0</coordinates></LineString>",220.0,10000.0,40.592219,0.1583,1,1,Freeway,0.0 -111.904440,CONNECTOR,7,20.0,10853,12.0
20,1,1346,"<LineString><coordinates>-111.943603,40.583967,0.0 -111.938817,40.584046,0.0</coordinates></LineString>",220.0,10000.0,40.583967,0.2518,1,1,Freeway,0.0 -111.938817,CONNECTOR,7,21.0,11172,12.0
21,1,1348,"<LineString><coordinates>-111.943543,40.576859,0.0 -111.938742,40.576835,0.0</coordinates></LineString>",220.0,10000.0,40.576859,0.2525,1,1,Freeway,0.0 -111.938742,CONNECTOR,7,21.0,5210,12.0
22,1,1349,"<LineString><coordinates>-111.934349,40.576995,0.0 -111.938738,40.577086,0.0</coordinates></LineString>",220.0,10000.0,40.576995,0.2309,1,1,Freeway,0.0 -111.938738,CONNECTOR,7,21.0,5210,12.0
23,1,1349,"<LineString><coordinates>-111.934355,40.576745,0.0 -111.929175,40.576615,0.0</coordinates></LineString>",220.0,10000.0,40.576745,0.2726,1,1,Freeway,0.0 -111.929175,CONNECTOR,7,21.0,5219,12.0
24,1,1349,"<LineString><coordinates>-111.934445,40.576786,0.0 -111.931124,40.573089,0.0</coordinates></LineString>",220.0,10000.0,40.576786,0.3091,1,1,Freeway,0.0 -111.931124,CONNECTOR,7,21.0,11181,12.0
25,1,1351,"<LineString><coordinates>-111.943533,40.567876,0.0 -111.938736,40.567958,0.0</coordinates></LineString>",220.0,10000.0,40.567876,0.2524,1,1,Freeway,0.0 -111.938736,CONNECTOR,7,21.0,5209,12.0
26,1,1352,"<LineString><coordinates>-111.933958,40.568001,0.0 -111.938733,40.568208,0.0</coordinates></LineString>",220.0,10000.0,40.568001,0.2516,1,1,Freeway,0.0 -111.938733,CONNECTOR,7,21.0,5209,12.0
27,1,1352,"<LineString><coordinates>-111.933959,40.567751,0.0 -111.929135,40.567919,0.0</coordinates></LineString>",220.0,10000.0,40.567751,0.254,1,1,Freeway,0.0 -111.929135,CONNECTOR,7,21.0,6256,12.0
28,1,1352,"<LineString><coordinates>-111.933853,40.567815,0.0 -111.930921,40.573112,0.0</coordinates></LineString>",220.0,10000.0,40.567815,0.3966,1,1,Freeway,0.0 -111.930921,CONNECTOR,7,21.0,11181,12.0
29,1,1352,"<LineString><coordinates>-111.934088,40.567891,0.0 -111.934737,40.562313,0.0</coordinates></LineString>",220.0,10000.0,40.567891,0.3863,1,1,Freeway,0.0 -111.934737,CONNECTOR,7,21.0,11261,12.0
30,1,1353,"<LineString><coordinates>-111.934141,40.584061,0.0 -111.933938,40.587774,0.0</coordinates></LineString>",220.0,10000.0,40.584061,0.2564,1,1,Freeway,0.0 -111.933938,CONNECTOR,7,21.0,5589,12.0
31,1,1353,"<LineString><coordinates>-111.934263,40.584193,0.0 -111.938816,40.584296,0.0</coordinates></LineString>",220.0,10000.0,40.584193,0.2395,1,1,Freeway,0.0 -111.938816,CONNECTOR,7,21.0,11172,12.0
32,1,1353,"<LineString><coordinates>-111.934258,40.583943,0.0 -111.929238,40.584244,0.0</coordinates></LineString>",220.0,10000.0,40.583943,0.2648,1,1,Freeway,0.0 -111.929238,CONNECTOR,7,21.0,11173,12.0
33,1,1354,"<LineString><coordinates>-111.923309,40.584014,0.0 -111.922056,40.587702,0.0</coordinates></LineString>",220.0,10000.0,40.584014,0.2627,1,1,Freeway,0.0 -111.922056,CONNECTOR,7,20.0,5592,12.0
34,1,1354,"<LineString><coordinates>-111.923421,40.584179,0.0 -111.929239,40.584494,0.0</coordinates></LineString>",220.0,10000.0,40.584179,0.3067,1,1,Freeway,0.0 -111.929239,CONNECTOR,7,20.0,11173,12.0
35,1,1355,"<LineString><coordinates>-111.924743,40.576757,0.0 -111.929169,40.576865,0.0</coordinates></LineString>",220.0,10000.0,40.576757,0.2329,1,1,Freeway,0.0 -111.929169,CONNECTOR,7,21.0,5219,12.0
36,1,1355,"<LineString><coordinates>-111.924865,40.576593,0.0 -111.923525,40.572438,0.0</coordinates></LineString>",220.0,10000.0,40.576593,0.2952,1,1,Freeway,0.0 -111.923525,CONNECTOR,7,21.0,11183,12.0
37,1,1356,"<LineString><coordinates>-111.924149,40.567056,0.0 -111.919661,40.565750,0.0</coordinates></LineString>",220.0,10000.0,40.567056,0.2527,1,1,Freeway,0.0 -111.919661,CONNECTOR,7,21.0,6255,12.0
38,1,1356,"<LineString><coordinates>-111.924093,40.567301,0.0 -111.929118,40.568168,0.0</coordinates></LineString>",220.0,10000.0,40.567301,0.271,1,1,Freeway,0.0 -111.929118,CONNECTOR,7,21.0,6256,12.0
39,1,1356,"<LineString><coordinates>-111.923990,40.567160,0.0 -111.923282,40.572460,0.0</coordinates></LineString>",220.0,10000.0,40.56716,0.3674,1,1,Freeway,0.0 -111.923282,CONNECTOR,7,21.0,11183,12.0
40,1,1356,"<LineString><coordinates>-111.924226,40.567234,0.0 -111.926849,40.562066,0.0</coordinates></LineString>",220.0,10000.0,40.567234,0.3823,1,1,Freeway,0.0 -111.926849,CONNECTOR,7,21.0,11259,12.0
41,1,1357,"<LineString><coordinates>-111.914427,40.565100,0.0 -111.913994,40.559062,0.0</coordinates></LineString>",220.0,10000.0,40.5651,0.4171,1,1,Freeway,0.0 -111.913994,CONNECTOR,7,21.0,5174,12.0
42,1,1357,"<LineString><coordinates>-111.914185,40.565155,0.0 -111.916901,40.572034,0.0</coordinates></LineString>",220.0,10000.0,40.565155,0.4955,1,1,Freeway,0.0 -111.916901,CONNECTOR,7,21.0,5588,12.0
43,1,1357,"<LineString><coordinates>-111.914284,40.565233,0.0 -111.919608,40.565995,0.0</coordinates></LineString>",220.0,10000.0,40.565233,0.2849,1,1,Freeway,0.0 -111.919608,CONNECTOR,7,21.0,6255,12.0
44,1,1359,"<LineString><coordinates>-111.911861,40.577602,0.0 -111.905551,40.575634,0.0</coordinates></LineString>",220.0,10000.0,40.577602,0.3586,1,1,Freeway,0.0 -111.905551,CONNECTOR,7,21.0,6185,12.0
45,1,1360,"<LineString><coordinates>-111.901763,40.584133,0.0 -111.904104,40.585728,0.0</coordinates></LineString>",220.0,10000.0,40.584133,0.1651,1,1,Freeway,0.0 -111.904104,CONNECTOR,7,20.0,10850,12.0
46,1,1360,"<LineString><coordinates>-111.901956,40.584059,0.0 -111.902774,40.580677,0.0</coordinates></LineString>",220.0,10000.0,40.584059,0.2373,1,1,Freeway,0.0 -111.902774,CONNECTOR,7,20.0,11489,12.0
47,1,1361,"<LineString><coordinates>-111.902590,40.575601,0.0 -111.900892,40.573496,0.0</coordinates></LineString>",220.0,10000.0,40.575601,0.1705,1,1,Freeway,0.0 -111.900892,CONNECTOR,7,20.0,5728,12.0
48,1,1397,"<LineString><coordinates>-111.936467,40.553537,0.0 -111.934490,40.562270,0.0</coordinates></LineString>",220.0,10000.0,40.553537,0.6112,1,1,Freeway,0.0 -111.934490,CONNECTOR,7,21.0,11261,12.0
49,1,1404,"<LineString><coordinates>-111.908278,40.571774,0.0 -111.908496,40.569768,0.0</coordinates></LineString>",220.0,10000.0,40.571774,0.1389,1,1,Freeway,0.0 -111.908496,CONNECTOR,7,20.0,11257,12.0
50,1,3689,"<LineString><coordinates>-111.900757,40.562646,0.0 -111.902536,40.562518,0.0</coordinates></LineString>",120.0,601.0,40.562646,0.094,1,4,Major arterial,0.0 -111.902536,300 WEST,2,25.0,11507,12.0
51,1,4156,"<LineString><coordinates>-111.901065,40.585595,0.0 -111.900795,40.584239,0.0</coordinates></LineString>",120.0,633.0,40.585595,0.0946,1,4,Major arterial,0.0 -111.900795,500 WEST,1,24.0,10849,12.0
52,1,4156,"<LineString><coordinates>-111.900942,40.585746,0.0 -111.904175,40.585750,0.0</coordinates></LineString>",120.0,633.0,40.585746,0.17,1,4,Major arterial,0.0 -111.904175,500 WEST,1,24.0,10850,12.0
53,1,4804,"<LineString><coordinates>-111.910432,40.602330,0.0 -111.910393,40.598556,0.0</coordinates></LineString>",120.0,666.0,40.60233,0.2604,1,4,Major arterial,0.0 -111.910393,700 WEST,1,29.0,5106,12.0
54,1,4804,"<LineString><coordinates>-111.910181,40.602331,0.0 -111.910189,40.605939,0.0</coordinates></LineString>",120.0,666.0,40.602331,0.2489,1,4,Major arterial,0.0 -111.910189,700 WEST,1,29.0,5109,12.0
55,1,4899,"<LineString><coordinates>-111.910328,40.625017,0.0 -111.910361,40.620920,0.0</coordinates></LineString>",120.0,633.0,40.625017,0.2603,1,4,Major arterial,0.0 -111.910361,700 WEST,2,30.0,5030,12.0
56,1,4952,"<LineString><coordinates>-111.929250,40.616800,0.0 -111.933867,40.616833,0.0</coordinates></LineString>",220.0,10000.0,40.6168,0.2427,1,1,Freeway,0.0 -111.933867,CONNECTOR,7,21.0,1289,12.0
57,1,4952,"<LineString><coordinates>-111.929239,40.616549,0.0 -111.924490,40.617009,0.0</coordinates></LineString>",220.0,10000.0,40.616549,0.2516,1,1,Freeway,0.0 -111.924490,CONNECTOR,7,21.0,1290,12.0
58,1,4952,"<LineString><coordinates>-111.929376,40.616672,0.0 -111.929288,40.609413,0.0</coordinates></LineString>",120.0,666.0,40.616672,0.5007,1,4,Major arterial,0.0 -111.929288,1300 WEST,1,32.0,5022,12.0
59,1,4952,"<LineString><coordinates>-111.929125,40.616673,0.0 -111.929063,40.624116,0.0</coordinates></LineString>",120.0,666.0,40.616673,0.39199,1,4,Major arterial,0.0 -111.929063,1300 WEST,1,32.0,5440,12.0
60,1,4958,"<LineString><coordinates>-111.910324,40.618444,0.0 -111.908146,40.616089,0.0</coordinates></LineString>",220.0,10000.0,40.618444,0.1988,1,1,Freeway,0.0 -111.908146,CONNECTOR,7,21.0,1299,12.0
61,1,4958,"<LineString><coordinates>-111.910357,40.618532,0.0 -111.910393,40.616811,0.0</coordinates></LineString>",120.0,814.0,40.618532,0.14152,1,3,Principal燼rterial,0.0 -111.910393,700 WEST,2,36.0,5010,12.0
62,1,4958,"<LineString><coordinates>-111.910106,40.618529,0.0 -111.910109,40.620919,0.0</coordinates></LineString>",120.0,814.0,40.618529,0.15809,1,3,Principal燼rterial,0.0 -111.910109,700 WEST,2,36.0,5030,12.0
63,1,5009,"<LineString><coordinates>-111.913164,40.610345,0.0 -111.910306,40.610530,0.0</coordinates></LineString>",120.0,814.0,40.610345,0.1508,1,3,Principal燼rterial,0.0 -111.910306,CENTER ST,2,36.0,5027,12.0
64,1,5009,"<LineString><coordinates>-111.913052,40.610434,0.0 -111.911809,40.614633,0.0</coordinates></LineString>",120.0,814.0,40.610434,0.2969,1,3,Principal燼rterial,0.0 -111.911809,HOLDEN ST,2,36.0,5240,12.0
65,1,5009,"<LineString><coordinates>-111.913179,40.610595,0.0 -111.916791,40.610390,0.0</coordinates></LineString>",120.0,814.0,40.610595,0.1904,1,3,Principal燼rterial,0.0 -111.916791,7800 SOUTH,2,36.0,5863,12.0
66,1,5010,"<LineString><coordinates>-111.910143,40.616805,0.0 -111.910107,40.618526,0.0</coordinates></LineString>",120.0,814.0,40.616805,0.14152,1,3,Principal燼rterial,0.0 -111.910107,700 WEST,2,36.0,4958,12.0
67,1,5010,"<LineString><coordinates>-111.910394,40.616809,0.0 -111.910440,40.610656,0.0</coordinates></LineString>",120.0,857.0,40.616809,0.31237,1,3,Principal燼rterial,0.0 -111.910440,700 WEST,1,35.0,5027,12.0
68,1,5010,"<LineString><coordinates>-111.910367,40.616885,0.0 -111.912028,40.614746,0.0</coordinates></LineString>",120.0,814.0,40.616885,0.13471,1,3,Principal燼rterial,0.0 -111.912028,HOLDEN ST,2,36.0,5240,12.0
69,1,5017,"<LineString><coordinates>-111.938626,40.609519,0.0 -111.938730,40.616739,0.0</coordinates></LineString>",120.0,854.0,40.609519,0.498,1,2,Highway/Expressway,0.0 -111.938730,REDWOOD RD,3,43.0,5018,12.0
70,1,5017,"<LineString><coordinates>-111.938751,40.609643,0.0 -111.943739,40.609646,0.0</coordinates></LineString>",120.0,814.0,40.609643,0.2622,1,3,Principal燼rterial,0.0 -111.943739,7800 SOUTH,2,36.0,11123,12.0
71,1,5017,"<LineString><coordinates>-111.938751,40.609391,0.0 -111.931819,40.609400,0.0</coordinates></LineString>",120.0,814.0,40.609391,0.3644,1,3,Principal燼rterial,0.0 -111.931819,7800 SOUTH,2,36.0,11124,12.0
72,1,5017,"<LineString><coordinates>-111.938876,40.609521,0.0 -111.938983,40.605902,0.0</coordinates></LineString>",120.0,854.0,40.609521,0.2497,1,2,Highway/Expressway,0.0 -111.938983,REDWOOD RD,3,43.0,11146,12.0
73,1,5018,"<LineString><coordinates>-111.938863,40.616862,0.0 -111.943383,40.616579,0.0</coordinates></LineString>",220.0,10000.0,40.616862,0.2384,1,1,Freeway,0.0 -111.943383,CONNECTOR,7,21.0,1285,12.0
74,1,5018,"<LineString><coordinates>-111.938856,40.616611,0.0 -111.933869,40.616581,0.0</coordinates></LineString>",220.0,10000.0,40.616611,0.2621,1,1,Freeway,0.0 -111.933869,CONNECTOR,7,21.0,1289,12.0
75,1,5018,"<LineString><coordinates>-111.938980,40.616735,0.0 -111.938876,40.609515,0.0</coordinates></LineString>",120.0,854.0,40.616735,0.498,1,2,Highway/Expressway,0.0 -111.938876,REDWOOD RD,3,43.0,5017,12.0
76,1,5018,"<LineString><coordinates>-111.938730,40.616735,0.0 -111.938617,40.624083,0.0</coordinates></LineString>",120.0,854.0,40.616735,0.5069,1,2,Highway/Expressway,0.0 -111.938617,REDWOOD RD,3,43.0,5436,12.0
77,1,5022,"<LineString><coordinates>-111.929038,40.609417,0.0 -111.929126,40.616676,0.0</coordinates></LineString>",120.0,666.0,40.609417,0.5007,1,4,Major arterial,0.0 -111.929126,1300 WEST,1,32.0,4952,12.0
78,1,5022,"<LineString><coordinates>-111.929186,40.609292,0.0 -111.925511,40.608608,0.0</coordinates></LineString>",120.0,814.0,40.609292,0.1988,1,3,Principal燼rterial,0.0 -111.925511,7800 SOUTH,2,36.0,5524,12.0
79,1,5022,"<LineString><coordinates>-111.929158,40.609540,0.0 -111.931814,40.609651,0.0</coordinates></LineString>",120.0,814.0,40.60954,0.1398,1,3,Principal燼rterial,0.0 -111.931814,7800 SOUTH,2,36.0,11124,12.0
80,1,5022,"<LineString><coordinates>-111.929288,40.609420,0.0 -111.929360,40.607696,0.0</coordinates></LineString>",120.0,666.0,40.60942,0.119,1,4,Major arterial,0.0 -111.929360,1300 WEST,1,32.0,11147,12.0
81,1,5027,"<LineString><coordinates>-111.910322,40.610780,0.0 -111.913180,40.610595,0.0</coordinates></LineString>",120.0,814.0,40.61078,0.1508,1,3,Principal燼rterial,0.0 -111.913180,CENTER ST,2,36.0,5009,12.0
82,1,5027,"<LineString><coordinates>-111.910188,40.610654,0.0 -111.910142,40.616807,0.0</coordinates></LineString>",120.0,857.0,40.610654,0.31237,1,3,Principal燼rterial,0.0 -111.910142,700 WEST,1,35.0,5010,12.0
83,1,5027,"<LineString><coordinates>-111.910302,40.610530,0.0 -111.907627,40.610786,0.0</coordinates></LineString>",120.0,814.0,40.61053,0.1417,1,3,Principal燼rterial,0.0 -111.907627,CENTER ST,2,36.0,11129,12.0
84,1,5027,"<LineString><coordinates>-111.910440,40.610656,0.0 -111.910458,40.607208,0.0</coordinates></LineString>",120.0,666.0,40.610656,0.2378,1,4,Major arterial,0.0 -111.910458,700 WEST,1,29.0,11150,12.0
85,1,5030,"<LineString><coordinates>-111.910109,40.620918,0.0 -111.910076,40.625015,0.0</coordinates></LineString>",120.0,633.0,40.620918,0.2603,1,4,Major arterial,0.0 -111.910076,700 WEST,2,30.0,4899,12.0
86,1,5030,"<LineString><coordinates>-111.910361,40.620919,0.0 -111.910358,40.618529,0.0</coordinates></LineString>",120.0,814.0,40.620919,0.15809,1,3,Principal燼rterial,0.0 -111.910358,700 WEST,2,36.0,4958,12.0
87,1,5030,"<LineString><coordinates>-111.910227,40.621044,0.0 -111.913099,40.621219,0.0</coordinates></LineString>",120.0,814.0,40.621044,0.18159,1,3,Principal燼rterial,0.0 -111.913099,7000 SOUTH,2,36.0,10872,12.0
88,1,5030,"<LineString><coordinates>-111.910238,40.620794,0.0 -111.907658,40.620731,0.0</coordinates></LineString>",120.0,814.0,40.620794,0.13451,1,3,Principal燼rterial,0.0 -111.907658,7200 SOUTH,2,29.0,11128,12.0
89,1,5034,"<LineString><coordinates>-111.902815,40.611050,0.0 -111.907639,40.611037,0.0</coordinates></LineString>",120.0,814.0,40.61105,0.27834000000000003,1,3,Principal燼rterial,0.0 -111.907639,CENTER ST,2,36.0,11129,12.0
90,1,5037,"<LineString><coordinates>-111.904765,40.620933,0.0 -111.907653,40.620981,0.0</coordinates></LineString>",120.0,814.0,40.620933,0.33214,1,3,Principal燼rterial,0.0 -111.907653,7200 SOUTH,2,29.0,11128,12.0
91,1,5103,"<LineString><coordinates>-111.929097,40.594992,0.0 -111.929141,40.603322,0.0</coordinates></LineString>",120.0,666.0,40.594992,0.5746,1,4,Major arterial,0.0 -111.929141,1300 WEST,1,32.0,5820,12.0
92,1,5103,"<LineString><coordinates>-111.929348,40.594993,0.0 -111.929397,40.591049,0.0</coordinates></LineString>",120.0,666.0,40.594993,0.2721,1,4,Major arterial,0.0 -111.929397,1300 WEST,1,32.0,11161,12.0
93,1,5106,"<LineString><coordinates>-111.910143,40.598558,0.0 -111.910182,40.602332,0.0</coordinates></LineString>",120.0,666.0,40.598558,0.2604,1,4,Major arterial,0.0 -111.910182,700 WEST,1,29.0,4804,12.0
94,1,5106,"<LineString><coordinates>-111.910394,40.598557,0.0 -111.910351,40.587717,0.0</coordinates></LineString>",120.0,633.0,40.598557,0.7477,1,4,Major arterial,0.0 -111.910351,700 WEST,1,24.0,5117,12.0
95,1,5106,"<LineString><coordinates>-111.910289,40.598433,0.0 -111.909267,40.598258,0.0</coordinates></LineString>",120.0,633.0,40.598433,0.0551,1,4,Major arterial,0.0 -111.909267,500 WEST,1,24.0,10852,12.0
96,1,5109,"<LineString><coordinates>-111.910441,40.605939,0.0 -111.910433,40.602331,0.0</coordinates></LineString>",120.0,666.0,40.605939,0.2489,1,4,Major arterial,0.0 -111.910433,700 WEST,1,29.0,4804,12.0
97,1,5109,"<LineString><coordinates>-111.910190,40.605941,0.0 -111.910207,40.607209,0.0</coordinates></LineString>",120.0,666.0,40.605941,0.0875,1,4,Major arterial,0.0 -111.910207,700 WEST,1,29.0,11150,12.0
98,1,5109,"<LineString><coordinates>-111.910314,40.605813,0.0 -111.906609,40.605834,0.0</coordinates></LineString>",120.0,514.0,40.605813,0.1948,1,5,Minor arterial,0.0 -111.906609,8000 SOUTH,1,26.0,11151,12.0
99,1,5112,"<LineString><coordinates>-111.938729,40.587636,0.0 -111.934062,40.587655,0.0</coordinates></LineString>",120.0,892.0,40.587636,0.2454,1,2,Highway/Expressway,0.0 -111.934062,9000 SOUTH,2,39.0,5589,12.0
100,1,5112,"<LineString><coordinates>-111.938730,40.587636,0.0 -111.943604,40.587636,0.0</coordinates></LineString>",120.0,892.0,40.587636,0.2563,1,2,Highway/Expressway,0.0 -111.943604,9000 SOUTH,2,39.0,11159,12.0
101,1,5112,"<LineString><coordinates>-111.938605,40.587768,0.0 -111.938753,40.590850,0.0</coordinates></LineString>",120.0,854.0,40.587768,0.2128,1,2,Highway/Expressway,0.0 -111.938753,REDWOOD RD,3,43.0,11160,12.0
102,1,5112,"<LineString><coordinates>-111.938855,40.587765,0.0 -111.938944,40.584174,0.0</coordinates></LineString>",120.0,892.0,40.587765,0.2477,1,2,Highway/Expressway,0.0 -111.938944,REDWOOD RD,2,39.0,11172,12.0
103,1,5113,"<LineString><coordinates>-111.938771,40.594139,0.0 -111.943374,40.594103,0.0</coordinates></LineString>",120.0,514.0,40.594139,0.242,1,5,Minor arterial,0.0 -111.943374,8660 S,1,26.0,8002,12.0
104,1,5113,"<LineString><coordinates>-111.938644,40.594014,0.0 -111.938667,40.599040,0.0</coordinates></LineString>",120.0,854.0,40.594014,0.3466,1,2,Highway/Expressway,0.0 -111.938667,REDWOOD RD,3,43.0,11148,12.0
105,1,5113,"<LineString><coordinates>-111.938895,40.594017,0.0 -111.939003,40.590848,0.0</coordinates></LineString>",120.0,854.0,40.594017,0.2187,1,2,Highway/Expressway,0.0 -111.939003,REDWOOD RD,3,43.0,11160,12.0
106,1,5114,"<LineString><coordinates>-111.929195,40.587920,0.0 -111.934063,40.587907,0.0</coordinates></LineString>",120.0,892.0,40.58792,0.256,1,2,Highway/Expressway,0.0 -111.934063,9000 SOUTH,2,39.0,5589,12.0
107,1,5114,"<LineString><coordinates>-111.929196,40.587668,0.0 -111.922176,40.587616,0.0</coordinates></LineString>",120.0,847.0,40.587668,0.3692,1,2,Highway/Expressway,0.0 -111.922176,9000 SOUTH,2,32.0,5592,12.0
108,1,5114,"<LineString><coordinates>-111.929070,40.587797,0.0 -111.929147,40.591050,0.0</coordinates></LineString>",120.0,666.0,40.587797,0.2244,1,4,Major arterial,0.0 -111.929147,1300 WEST,1,32.0,11161,12.0
109,1,5114,"<LineString><coordinates>-111.929320,40.587796,0.0 -111.929371,40.584371,0.0</coordinates></LineString>",120.0,666.0,40.587796,0.2362,1,4,Major arterial,0.0 -111.929371,1300 WEST,1,29.0,11173,12.0
110,1,5117,"<LineString><coordinates>-111.910099,40.587717,0.0 -111.910142,40.598557,0.0</coordinates></LineString>",120.0,633.0,40.587717,0.7477,1,4,Major arterial,0.0 -111.910142,700 WEST,1,24.0,5106,12.0
111,1,5117,"<LineString><coordinates>-111.910220,40.587592,0.0 -111.907881,40.587688,0.0</coordinates></LineString>",120.0,847.0,40.587592,0.1231,1,2,Highway/Expressway,0.0 -111.907881,9000 SOUTH,2,32.0,11255,12.0
112,1,5118,"<LineString><coordinates>-111.904261,40.587888,0.0 -111.902134,40.587874,0.0</coordinates></LineString>",120.0,847.0,40.587888,0.1119,1,2,Highway/Expressway,0.0 -111.902134,9000 SOUTH,2,32.0,5727,12.0
113,1,5118,"<LineString><coordinates>-111.904385,40.588008,0.0 -111.904318,40.586685,0.0</coordinates></LineString>",120.0,633.0,40.588008,0.0913,1,4,Major arterial,0.0 -111.904318,500 WEST,1,24.0,10854,12.0
114,1,5118,"<LineString><coordinates>-111.904267,40.588139,0.0 -111.907893,40.587938,0.0</coordinates></LineString>",120.0,847.0,40.588139,0.1912,1,2,Highway/Expressway,0.0 -111.907893,9000 SOUTH,2,32.0,11255,12.0
115,1,5118,"<LineString><coordinates>-111.904134,40.588014,0.0 -111.904132,40.589983,0.0</coordinates></LineString>",120.0,633.0,40.588014,0.1358,1,4,Major arterial,0.0 -111.904132,500 WEST,1,24.0,11910,12.0
116,1,5119,"<LineString><coordinates>-111.901027,40.588096,0.0 -111.902130,40.588125,0.0</coordinates></LineString>",120.0,847.0,40.588096,0.058,1,2,Highway/Expressway,0.0 -111.902130,9000 SOUTH,2,32.0,5727,12.0
117,1,5174,"<LineString><coordinates>-111.913744,40.559080,0.0 -111.914177,40.565118,0.0</coordinates></LineString>",220.0,10000.0,40.55908,0.4171,1,1,Freeway,0.0 -111.914177,CONNECTOR,7,21.0,1357,12.0
118,1,5174,"<LineString><coordinates>-111.913841,40.559193,0.0 -111.919232,40.560431,0.0</coordinates></LineString>",120.0,814.0,40.559193,0.2961,1,3,Principal燼rterial,0.0 -111.919232,SOUTH JORDAN,2,36.0,5587,12.0
119,1,5174,"<LineString><coordinates>-111.913876,40.558946,0.0 -111.910194,40.558735,0.0</coordinates></LineString>",120.0,814.0,40.558946,0.1943,1,3,Principal燼rterial,0.0 -111.910194,SOUTH JORDAN,2,36.0,5868,12.0
120,1,5175,"<LineString><coordinates>-111.904348,40.569570,0.0 -111.900825,40.569583,0.0</coordinates></LineString>",120.0,633.0,40.56957,0.1853,1,4,Major arterial,0.0 -111.900825,9800 SOUTH,1,24.0,5729,12.0
121,1,5175,"<LineString><coordinates>-111.904346,40.569821,0.0 -111.908369,40.569879,0.0</coordinates></LineString>",120.0,633.0,40.569821,0.2117,1,4,Major arterial,0.0 -111.908369,9800 SOUTH,1,24.0,11257,12.0
122,1,5208,"<LineString><coordinates>-111.938567,40.562286,0.0 -111.938612,40.568084,0.0</coordinates></LineString>",120.0,892.0,40.562286,0.3999,1,2,Highway/Expressway,0.0 -111.938612,REDWOOD RD,2,39.0,5209,12.0
123,1,5208,"<LineString><coordinates>-111.938819,40.562286,0.0 -111.938879,40.552998,0.0</coordinates></LineString>",120.0,929.0,40.562286,0.6407,1,2,Highway/Expressway,0.0 -111.938879,REDWOOD RD,1,38.0,5238,12.0
124,1,5208,"<LineString><coordinates>-111.938693,40.562159,0.0 -111.934612,40.562172,0.0</coordinates></LineString>",120.0,814.0,40.562159,0.2147,1,3,Principal燼rterial,0.0 -111.934612,SOUTH JORDAN,2,36.0,11261,12.0
125,1,5208,"<LineString><coordinates>-111.938694,40.562411,0.0 -111.943763,40.562373,0.0</coordinates></LineString>",120.0,857.0,40.562411,0.2666,1,3,Principal燼rterial,0.0 -111.943763,10400 SOUTH,1,35.0,11282,12.0
126,1,5209,"<LineString><coordinates>-111.938740,40.568208,0.0 -111.943537,40.568126,0.0</coordinates></LineString>",220.0,10000.0,40.568208,0.2524,1,1,Freeway,0.0 -111.943537,CONNECTOR,7,21.0,1351,12.0
127,1,5209,"<LineString><coordinates>-111.938743,40.567958,0.0 -111.933968,40.567751,0.0</coordinates></LineString>",220.0,10000.0,40.567958,0.2516,1,1,Freeway,0.0 -111.933968,CONNECTOR,7,21.0,1352,12.0
128,1,5209,"<LineString><coordinates>-111.938864,40.568082,0.0 -111.938819,40.562284,0.0</coordinates></LineString>",120.0,892.0,40.568082,0.3999,1,2,Highway/Expressway,0.0 -111.938819,REDWOOD RD,2,39.0,5208,12.0
129,1,5209,"<LineString><coordinates>-111.938612,40.568082,0.0 -111.938561,40.573110,0.0</coordinates></LineString>",120.0,892.0,40.568082,0.3468,1,2,Highway/Expressway,0.0 -111.938561,REDWOOD RD,2,39.0,5211,12.0
130,1,5210,"<LineString><coordinates>-111.938740,40.577087,0.0 -111.943541,40.577111,0.0</coordinates></LineString>",220.0,10000.0,40.577087,0.2525,1,1,Freeway,0.0 -111.943541,CONNECTOR,7,21.0,1348,12.0
131,1,5210,"<LineString><coordinates>-111.938744,40.576836,0.0 -111.934355,40.576745,0.0</coordinates></LineString>",220.0,10000.0,40.576836,0.2309,1,1,Freeway,0.0 -111.934355,CONNECTOR,7,21.0,1349,12.0
132,1,5210,"<LineString><coordinates>-111.938866,40.576959,0.0 -111.938812,40.573109,0.0</coordinates></LineString>",120.0,892.0,40.576959,0.2656,1,2,Highway/Expressway,0.0 -111.938812,REDWOOD RD,2,39.0,5211,12.0
133,1,5210,"<LineString><coordinates>-111.938616,40.576962,0.0 -111.938694,40.584172,0.0</coordinates></LineString>",120.0,892.0,40.576962,0.4974,1,2,Highway/Expressway,0.0 -111.938694,REDWOOD RD,2,39.0,11172,12.0
134,1,5211,"<LineString><coordinates>-111.938813,40.573112,0.0 -111.938864,40.568084,0.0</coordinates></LineString>",120.0,892.0,40.573112,0.3468,1,2,Highway/Expressway,0.0 -111.938864,REDWOOD RD,2,39.0,5209,12.0
135,1,5211,"<LineString><coordinates>-111.938562,40.573113,0.0 -111.938616,40.576963,0.0</coordinates></LineString>",120.0,892.0,40.573113,0.2656,1,2,Highway/Expressway,0.0 -111.938616,REDWOOD RD,2,39.0,5210,12.0
136,1,5211,"<LineString><coordinates>-111.938684,40.573236,0.0 -111.944439,40.573378,0.0</coordinates></LineString>",120.0,666.0,40.573236,0.3029,1,4,Major arterial,0.0 -111.944439,9800 SOUTH,1,29.0,11180,12.0
137,1,5211,"<LineString><coordinates>-111.938686,40.572985,0.0 -111.931030,40.573047,0.0</coordinates></LineString>",120.0,666.0,40.572985,0.4027,1,4,Major arterial,0.0 -111.931030,9800 SOUTH,1,29.0,11181,12.0
138,1,5214,"<LineString><coordinates>-111.929082,40.562199,0.0 -111.929014,40.568043,0.0</coordinates></LineString>",120.0,666.0,40.562199,0.4031,1,4,Major arterial,0.0 -111.929014,1300 WEST,1,29.0,6256,12.0
139,1,5214,"<LineString><coordinates>-111.929217,40.562075,0.0 -111.926747,40.561884,0.0</coordinates></LineString>",120.0,814.0,40.562075,0.1306,1,3,Principal燼rterial,0.0 -111.926747,SOUTH JORDAN,2,36.0,11259,12.0
140,1,5214,"<LineString><coordinates>-111.929205,40.562325,0.0 -111.934610,40.562423,0.0</coordinates></LineString>",120.0,814.0,40.562325,0.2844,1,3,Principal燼rterial,0.0 -111.934610,SOUTH JORDAN,2,36.0,11261,12.0
141,1,5214,"<LineString><coordinates>-111.929333,40.562199,0.0 -111.929279,40.555760,0.0</coordinates></LineString>",120.0,666.0,40.562199,0.4441,1,4,Major arterial,0.0 -111.929279,1300 WEST,1,29.0,11281,12.0
142,1,5215,"<LineString><coordinates>-111.919700,40.572330,0.0 -111.917040,40.571864,0.0</coordinates></LineString>",120.0,666.0,40.57233,0.1435,1,4,Major arterial,0.0 -111.917040,9800 SOUTH,1,29.0,5588,12.0
143,1,5215,"<LineString><coordinates>-111.919804,40.572453,0.0 -111.919752,40.565870,0.0</coordinates></LineString>",120.0,514.0,40.572453,0.4541,1,5,Minor arterial,0.0 -111.919752,1000 WEST,1,26.0,6255,12.0
144,1,5215,"<LineString><coordinates>-111.919677,40.572580,0.0 -111.923405,40.572603,0.0</coordinates></LineString>",120.0,666.0,40.57258,0.1961,1,4,Major arterial,0.0 -111.923405,9800 SOUTH,1,29.0,11183,12.0
145,1,5216,"<LineString><coordinates>-111.902775,40.558871,0.0 -111.899114,40.558847,0.0</coordinates></LineString>",120.0,773.0,40.558871,0.1926,1,3,Principal燼rterial,0.0 -111.899114,SOUTH JORDAN,2,27.0,5356,12.0
146,1,5216,"<LineString><coordinates>-111.902776,40.559122,0.0 -111.910189,40.558985,0.0</coordinates></LineString>",120.0,773.0,40.559122,0.3901,1,3,Principal燼rterial,0.0 -111.910189,SOUTH JORDAN,2,27.0,5868,12.0
147,1,5216,"<LineString><coordinates>-111.902899,40.558995,0.0 -111.902874,40.557149,0.0</coordinates></LineString>",120.0,633.0,40.558995,0.1274,1,4,Major arterial,0.0 -111.902874,500 WEST,2,30.0,10847,12.0
148,1,5216,"<LineString><coordinates>-111.902649,40.558988,0.0 -111.902402,40.562384,0.0</coordinates></LineString>",120.0,601.0,40.558988,0.2346,1,4,Major arterial,0.0 -111.902402,300 WEST,2,25.0,11507,12.0
149,1,5219,"<LineString><coordinates>-111.929169,40.576865,0.0 -111.934349,40.576995,0.0</coordinates></LineString>",220.0,10000.0,40.576865,0.2726,1,1,Freeway,0.0 -111.934349,CONNECTOR,7,21.0,1349,12.0
150,1,5219,"<LineString><coordinates>-111.929175,40.576615,0.0 -111.924749,40.576507,0.0</coordinates></LineString>",220.0,10000.0,40.576615,0.2329,1,1,Freeway,0.0 -111.924749,CONNECTOR,7,21.0,1355,12.0
151,1,5219,"<LineString><coordinates>-111.929298,40.576741,0.0 -111.929327,40.572494,0.0</coordinates></LineString>",120.0,666.0,40.576741,0.293,1,4,Major arterial,0.0 -111.929327,1300 WEST,1,29.0,5232,12.0
152,1,5219,"<LineString><coordinates>-111.929046,40.576741,0.0 -111.929120,40.584370,0.0</coordinates></LineString>",120.0,666.0,40.576741,0.5262,1,4,Major arterial,0.0 -111.929120,1300 WEST,1,29.0,11173,12.0
153,1,5232,"<LineString><coordinates>-111.929075,40.572492,0.0 -111.929046,40.576739,0.0</coordinates></LineString>",120.0,666.0,40.572492,0.293,1,4,Major arterial,0.0 -111.929046,1300 WEST,1,29.0,5219,12.0
154,1,5232,"<LineString><coordinates>-111.929326,40.572491,0.0 -111.929264,40.568042,0.0</coordinates></LineString>",120.0,666.0,40.572491,0.3069,1,4,Major arterial,0.0 -111.929264,1300 WEST,1,29.0,6256,12.0
155,1,5232,"<LineString><coordinates>-111.929190,40.572618,0.0 -111.930143,40.572705,0.0</coordinates></LineString>",120.0,666.0,40.572618,0.0505,1,4,Major arterial,0.0 -111.930143,9800 SOUTH,1,29.0,11182,12.0
156,1,5232,"<LineString><coordinates>-111.929201,40.572367,0.0 -111.923406,40.572351,0.0</coordinates></LineString>",120.0,666.0,40.572367,0.3048,1,4,Major arterial,0.0 -111.923406,9800 SOUTH,1,29.0,11183,12.0
157,1,5238,"<LineString><coordinates>-111.938627,40.552996,0.0 -111.938567,40.562284,0.0</coordinates></LineString>",120.0,929.0,40.552996,0.6407,1,2,Highway/Expressway,0.0 -111.938567,REDWOOD RD,1,38.0,5208,12.0
158,1,5240,"<LineString><coordinates>-111.911960,40.614791,0.0 -111.915669,40.613844,0.0</coordinates></LineString>",220.0,10000.0,40.614791,0.2056,1,1,Freeway,0.0 -111.915669,CONNECTOR,7,21.0,1296,12.0
159,1,5240,"<LineString><coordinates>-111.912049,40.614705,0.0 -111.913292,40.610506,0.0</coordinates></LineString>",120.0,814.0,40.614705,0.2969,1,3,Principal燼rterial,0.0 -111.913292,HOLDEN ST,2,36.0,5009,12.0
160,1,5240,"<LineString><coordinates>-111.911830,40.614592,0.0 -111.910169,40.616731,0.0</coordinates></LineString>",120.0,814.0,40.614592,0.13471,1,3,Principal燼rterial,0.0 -111.910169,HOLDEN ST,2,36.0,5010,12.0
161,1,5356,"<LineString><coordinates>-111.899112,40.559099,0.0 -111.902773,40.559123,0.0</coordinates></LineString>",120.0,773.0,40.559099,0.1926,1,3,Principal燼rterial,0.0 -111.902773,SOUTH JORDAN,2,27.0,5216,12.0
162,1,5436,"<LineString><coordinates>-111.938867,40.624087,0.0 -111.938980,40.616739,0.0</coordinates></LineString>",120.0,854.0,40.624087,0.5069,1,2,Highway/Expressway,0.0 -111.938980,REDWOOD RD,3,43.0,5018,12.0
163,1,5436,"<LineString><coordinates>-111.938744,40.624210,0.0 -111.942302,40.624163,0.0</coordinates></LineString>",120.0,814.0,40.62421,0.187,1,3,Principal燼rterial,0.0 -111.942302,7000 SOUTH,2,36.0,5577,12.0
164,1,5436,"<LineString><coordinates>-111.938616,40.624085,0.0 -111.938634,40.630427,0.0</coordinates></LineString>",120.0,854.0,40.624085,0.4375,1,2,Highway/Expressway,0.0 -111.938634,REDWOOD RD,3,39.0,5578,12.0
165,1,5436,"<LineString><coordinates>-111.938744,40.623960,0.0 -111.933972,40.623899,0.0</coordinates></LineString>",120.0,814.0,40.62396,0.2509,1,3,Principal燼rterial,0.0 -111.933972,7000 SOUTH,2,36.0,11125,12.0
166,1,5440,"<LineString><coordinates>-111.929315,40.624118,0.0 -111.929377,40.616675,0.0</coordinates></LineString>",120.0,666.0,40.624118,0.39199,1,4,Major arterial,0.0 -111.929377,1300 WEST,1,32.0,4952,12.0
167,1,5440,"<LineString><coordinates>-111.929191,40.624242,0.0 -111.933972,40.624149,0.0</coordinates></LineString>",120.0,814.0,40.624242,0.27676999999999996,1,3,Principal燼rterial,0.0 -111.933972,7000 SOUTH,2,36.0,11125,12.0
168,1,5440,"<LineString><coordinates>-111.929199,40.623992,0.0 -111.924696,40.623621,0.0</coordinates></LineString>",120.0,814.0,40.623992,0.25977,1,3,Principal燼rterial,0.0 -111.924696,7000 SOUTH,2,36.0,11127,12.0
169,1,5440,"<LineString><coordinates>-111.929063,40.624117,0.0 -111.929066,40.626782,0.0</coordinates></LineString>",120.0,666.0,40.624117,0.18980999999999998,1,4,Major arterial,0.0 -111.929066,1300 WEST,1,32.0,11827,12.0
170,1,5441,"<LineString><coordinates>-111.917182,40.623143,0.0 -111.915269,40.621716,0.0</coordinates></LineString>",120.0,814.0,40.623143,0.10732,1,3,Principal燼rterial,0.0 -111.915269,7000 SOUTH,2,36.0,5861,12.0
171,1,5441,"<LineString><coordinates>-111.917069,40.623364,0.0 -111.918599,40.623844,0.0</coordinates></LineString>",120.0,814.0,40.623364,0.11932000000000001,1,3,Principal燼rterial,0.0 -111.918599,7000 SOUTH,2,36.0,11126,12.0
172,1,5524,"<LineString><coordinates>-111.925465,40.608854,0.0 -111.929140,40.609538,0.0</coordinates></LineString>",120.0,814.0,40.608854,0.1988,1,3,Principal燼rterial,0.0 -111.929140,7800 SOUTH,2,36.0,5022,12.0
173,1,5524,"<LineString><coordinates>-111.925466,40.608607,0.0 -111.916762,40.610141,0.0</coordinates></LineString>",120.0,814.0,40.608607,0.4697,1,3,Principal燼rterial,0.0 -111.916762,7800 SOUTH,2,36.0,5863,12.0
174,1,5577,"<LineString><coordinates>-111.942298,40.623913,0.0 -111.938740,40.623960,0.0</coordinates></LineString>",120.0,814.0,40.623913,0.187,1,3,Principal燼rterial,0.0 -111.938740,7000 SOUTH,2,36.0,5436,12.0
175,1,5578,"<LineString><coordinates>-111.938886,40.630427,0.0 -111.938868,40.624085,0.0</coordinates></LineString>",120.0,854.0,40.630427,0.4375,1,2,Highway/Expressway,0.0 -111.938868,REDWOOD RD,3,39.0,5436,12.0
176,1,5587,"<LineString><coordinates>-111.919288,40.560187,0.0 -111.913897,40.558949,0.0</coordinates></LineString>",120.0,814.0,40.560187,0.2961,1,3,Principal燼rterial,0.0 -111.913897,SOUTH JORDAN,2,36.0,5174,12.0
177,1,5587,"<LineString><coordinates>-111.919137,40.560332,0.0 -111.919533,40.562425,0.0</coordinates></LineString>",120.0,514.0,40.560332,0.1459,1,5,Minor arterial,0.0 -111.919533,1000 WEST,1,26.0,10857,12.0
178,1,5587,"<LineString><coordinates>-111.919232,40.560431,0.0 -111.926709,40.562131,0.0</coordinates></LineString>",120.0,814.0,40.560431,0.4105,1,3,Principal燼rterial,0.0 -111.926709,SOUTH JORDAN,2,36.0,11259,12.0
179,1,5588,"<LineString><coordinates>-111.917135,40.571942,0.0 -111.914419,40.565063,0.0</coordinates></LineString>",220.0,10000.0,40.571942,0.4955,1,1,Freeway,0.0 -111.914419,CONNECTOR,7,21.0,1357,12.0
180,1,5588,"<LineString><coordinates>-111.916996,40.572112,0.0 -111.919656,40.572578,0.0</coordinates></LineString>",120.0,666.0,40.572112,0.1435,1,4,Major arterial,0.0 -111.919656,9800 SOUTH,1,29.0,5215,12.0
181,1,5588,"<LineString><coordinates>-111.917005,40.571863,0.0 -111.913757,40.572206,0.0</coordinates></LineString>",120.0,633.0,40.571863,0.1725,1,4,Major arterial,0.0 -111.913757,9800 SOUTH,1,24.0,11184,12.0
182,1,5589,"<LineString><coordinates>-111.933938,40.587792,0.0 -111.934224,40.591017,0.0</coordinates></LineString>",220.0,10000.0,40.587792,0.2229,1,1,Freeway,0.0 -111.934224,CONNECTOR,7,21.0,1322,12.0
183,1,5589,"<LineString><coordinates>-111.934188,40.587788,0.0 -111.934391,40.584075,0.0</coordinates></LineString>",220.0,10000.0,40.587788,0.2564,1,1,Freeway,0.0 -111.934391,CONNECTOR,7,21.0,1353,12.0
184,1,5589,"<LineString><coordinates>-111.934064,40.587907,0.0 -111.938731,40.587888,0.0</coordinates></LineString>",120.0,892.0,40.587907,0.2454,1,2,Highway/Expressway,0.0 -111.938731,9000 SOUTH,2,39.0,5112,12.0
185,1,5589,"<LineString><coordinates>-111.934063,40.587655,0.0 -111.929195,40.587668,0.0</coordinates></LineString>",120.0,892.0,40.587655,0.256,1,2,Highway/Expressway,0.0 -111.929195,9000 SOUTH,2,39.0,5114,12.0
186,1,5592,"<LineString><coordinates>-111.922052,40.587718,0.0 -111.921295,40.591585,0.0</coordinates></LineString>",220.0,10000.0,40.587718,0.2697,1,1,Freeway,0.0 -111.921295,CONNECTOR,7,21.0,1323,12.0
187,1,5592,"<LineString><coordinates>-111.922294,40.587782,0.0 -111.923547,40.584094,0.0</coordinates></LineString>",220.0,10000.0,40.587782,0.2627,1,1,Freeway,0.0 -111.923547,CONNECTOR,7,20.0,1354,12.0
188,1,5592,"<LineString><coordinates>-111.922174,40.587868,0.0 -111.929194,40.587920,0.0</coordinates></LineString>",120.0,847.0,40.587868,0.3692,1,2,Highway/Expressway,0.0 -111.929194,9000 SOUTH,2,32.0,5114,12.0
189,1,5727,"<LineString><coordinates>-111.902132,40.588126,0.0 -111.904259,40.588140,0.0</coordinates></LineString>",120.0,847.0,40.588126,0.1119,1,2,Highway/Expressway,0.0 -111.904259,9000 SOUTH,2,32.0,5118,12.0
190,1,5727,"<LineString><coordinates>-111.902136,40.587875,0.0 -111.901033,40.587846,0.0</coordinates></LineString>",120.0,847.0,40.587875,0.058,1,2,Highway/Expressway,0.0 -111.901033,9000 SOUTH,2,32.0,5119,12.0
191,1,5728,"<LineString><coordinates>-111.900696,40.573654,0.0 -111.902394,40.575759,0.0</coordinates></LineString>",220.0,10000.0,40.573654,0.1705,1,1,Freeway,0.0 -111.902394,CONNECTOR,7,20.0,1361,12.0
192,1,5728,"<LineString><coordinates>-111.900920,40.573576,0.0 -111.900951,40.569710,0.0</coordinates></LineString>",120.0,633.0,40.573576,0.2666,1,4,Major arterial,0.0 -111.900951,300 WEST,1,24.0,5729,12.0
193,1,5728,"<LineString><coordinates>-111.900669,40.573573,0.0 -111.900576,40.580646,0.0</coordinates></LineString>",120.0,633.0,40.573573,0.4879,1,4,Major arterial,0.0 -111.900576,500 WEST,1,24.0,7984,12.0
194,1,5729,"<LineString><coordinates>-111.900825,40.569835,0.0 -111.904348,40.569822,0.0</coordinates></LineString>",120.0,633.0,40.569835,0.1853,1,4,Major arterial,0.0 -111.904348,9800 SOUTH,1,24.0,5175,12.0
195,1,5729,"<LineString><coordinates>-111.900699,40.569708,0.0 -111.900668,40.573574,0.0</coordinates></LineString>",120.0,633.0,40.569708,0.2666,1,4,Major arterial,0.0 -111.900668,300 WEST,1,24.0,5728,12.0
196,1,5729,"<LineString><coordinates>-111.900825,40.569583,0.0 -111.897106,40.569595,0.0</coordinates></LineString>",120.0,601.0,40.569583,0.1956,1,4,Major arterial,0.0 -111.897106,9800 SOUTH,2,25.0,5929,12.0
197,1,5730,"<LineString><coordinates>-111.905625,40.583282,0.0 -111.905629,40.580699,0.0</coordinates></LineString>",120.0,633.0,40.583282,0.1782,1,4,Major arterial,0.0 -111.905629,700 WEST,1,24.0,8172,12.0
198,1,5730,"<LineString><coordinates>-111.905373,40.583281,0.0 -111.905362,40.584908,0.0</coordinates></LineString>",120.0,633.0,40.583281,0.1123,1,4,Major arterial,0.0 -111.905362,700 WEST,1,24.0,11763,12.0
199,1,5736,"<LineString><coordinates>-111.938696,40.602469,0.0 -111.944863,40.602418,0.0</coordinates></LineString>",120.0,514.0,40.602469,0.3243,1,5,Minor arterial,0.0 -111.944863,SUGAR FACT,1,26.0,8116,12.0
200,1,5736,"<LineString><coordinates>-111.938570,40.602349,0.0 -111.938733,40.605904,0.0</coordinates></LineString>",120.0,854.0,40.602349,0.2454,1,2,Highway/Expressway,0.0 -111.938733,REDWOOD RD,3,43.0,11146,12.0
201,1,5736,"<LineString><coordinates>-111.938820,40.602347,0.0 -111.938918,40.599043,0.0</coordinates></LineString>",120.0,854.0,40.602347,0.228,1,2,Highway/Expressway,0.0 -111.938918,REDWOOD RD,3,43.0,11148,12.0
202,1,5820,"<LineString><coordinates>-111.929338,40.603425,0.0 -111.934223,40.600097,0.0</coordinates></LineString>",220.0,10000.0,40.603425,0.3445,1,1,Freeway,0.0 -111.934223,CONNECTOR,7,21.0,1320,12.0
203,1,5820,"<LineString><coordinates>-111.929393,40.603320,0.0 -111.929349,40.594990,0.0</coordinates></LineString>",120.0,666.0,40.60332,0.5746,1,4,Major arterial,0.0 -111.929349,1300 WEST,1,32.0,5103,12.0
204,1,5820,"<LineString><coordinates>-111.929141,40.603320,0.0 -111.929109,40.607690,0.0</coordinates></LineString>",120.0,666.0,40.60332,0.3015,1,4,Major arterial,0.0 -111.929109,1300 WEST,1,32.0,11147,12.0
205,1,5861,"<LineString><coordinates>-111.915119,40.621918,0.0 -111.917032,40.623345,0.0</coordinates></LineString>",120.0,814.0,40.621918,0.10732,1,3,Principal燼rterial,0.0 -111.917032,7000 SOUTH,2,36.0,5441,12.0
206,1,5861,"<LineString><coordinates>-111.915235,40.621698,0.0 -111.913148,40.620975,0.0</coordinates></LineString>",120.0,814.0,40.621698,0.1205,1,3,Principal燼rterial,0.0 -111.913148,7000 SOUTH,2,36.0,10872,12.0
207,1,5863,"<LineString><coordinates>-111.916777,40.610140,0.0 -111.913165,40.610345,0.0</coordinates></LineString>",120.0,814.0,40.61014,0.1904,1,3,Principal燼rterial,0.0 -111.913165,7800 SOUTH,2,36.0,5009,12.0
208,1,5863,"<LineString><coordinates>-111.916806,40.610389,0.0 -111.925510,40.608855,0.0</coordinates></LineString>",120.0,814.0,40.610389,0.4697,1,3,Principal燼rterial,0.0 -111.925510,7800 SOUTH,2,36.0,5524,12.0
209,1,5868,"<LineString><coordinates>-111.910180,40.558985,0.0 -111.913862,40.559196,0.0</coordinates></LineString>",120.0,814.0,40.558985,0.1943,1,3,Principal燼rterial,0.0 -111.913862,SOUTH JORDAN,2,36.0,5174,12.0
210,1,5868,"<LineString><coordinates>-111.910185,40.558735,0.0 -111.902772,40.558872,0.0</coordinates></LineString>",120.0,773.0,40.558735,0.3901,1,3,Principal燼rterial,0.0 -111.902772,SOUTH JORDAN,2,27.0,5216,12.0
211,1,5868,"<LineString><coordinates>-111.910283,40.558940,0.0 -111.913744,40.554795,0.0</coordinates></LineString>",120.0,514.0,40.55894,0.339,1,5,Minor arterial,0.0 -111.913744,RIVER FRON,1,26.0,6253,12.0
212,1,5929,"<LineString><coordinates>-111.897106,40.569847,0.0 -111.900825,40.569835,0.0</coordinates></LineString>",120.0,601.0,40.569847,0.1956,1,4,Major arterial,0.0 -111.900825,9800 SOUTH,2,25.0,5729,12.0
213,1,6185,"<LineString><coordinates>-111.905477,40.575874,0.0 -111.911787,40.577842,0.0</coordinates></LineString>",220.0,10000.0,40.575874,0.3586,1,1,Freeway,0.0 -111.911787,CONNECTOR,7,21.0,1359,12.0
214,1,6185,"<LineString><coordinates>-111.905388,40.575754,0.0 -111.905377,40.580699,0.0</coordinates></LineString>",120.0,666.0,40.575754,0.3411,1,4,Major arterial,0.0 -111.905377,700 WEST,1,29.0,8172,12.0
215,1,6253,"<LineString><coordinates>-111.913552,40.554635,0.0 -111.910091,40.558780,0.0</coordinates></LineString>",120.0,514.0,40.554635,0.339,1,5,Minor arterial,0.0 -111.910091,RIVER FRON,1,26.0,5868,12.0
216,1,6255,"<LineString><coordinates>-111.919591,40.565992,0.0 -111.924079,40.567298,0.0</coordinates></LineString>",220.0,10000.0,40.565992,0.2527,1,1,Freeway,0.0 -111.924079,CONNECTOR,7,21.0,1356,12.0
217,1,6255,"<LineString><coordinates>-111.919644,40.565747,0.0 -111.914320,40.564985,0.0</coordinates></LineString>",220.0,10000.0,40.565747,0.2849,1,1,Freeway,0.0 -111.914320,CONNECTOR,7,21.0,1357,12.0
218,1,6255,"<LineString><coordinates>-111.919500,40.565872,0.0 -111.919552,40.572455,0.0</coordinates></LineString>",120.0,514.0,40.565872,0.4541,1,5,Minor arterial,0.0 -111.919552,1000 WEST,1,26.0,5215,12.0
219,1,6255,"<LineString><coordinates>-111.919752,40.565872,0.0 -111.919782,40.562403,0.0</coordinates></LineString>",120.0,514.0,40.565872,0.2393,1,5,Minor arterial,0.0 -111.919782,1000 WEST,1,26.0,10857,12.0
220,1,6256,"<LineString><coordinates>-111.929143,40.568169,0.0 -111.933967,40.568001,0.0</coordinates></LineString>",220.0,10000.0,40.568169,0.254,1,1,Freeway,0.0 -111.933967,CONNECTOR,7,21.0,1352,12.0
221,1,6256,"<LineString><coordinates>-111.929160,40.567920,0.0 -111.924135,40.567053,0.0</coordinates></LineString>",220.0,10000.0,40.56792,0.271,1,1,Freeway,0.0 -111.924135,CONNECTOR,7,21.0,1356,12.0
222,1,6256,"<LineString><coordinates>-111.929264,40.568045,0.0 -111.929332,40.562201,0.0</coordinates></LineString>",120.0,666.0,40.568045,0.4031,1,4,Major arterial,0.0 -111.929332,1300 WEST,1,29.0,5214,12.0
223,1,6256,"<LineString><coordinates>-111.929014,40.568046,0.0 -111.929076,40.572495,0.0</coordinates></LineString>",120.0,666.0,40.568046,0.3069,1,4,Major arterial,0.0 -111.929076,1300 WEST,1,29.0,5232,12.0
224,1,6270,"<LineString><coordinates>-111.904727,40.593850,0.0 -111.905557,40.596500,0.0</coordinates></LineString>",120.0,633.0,40.59385,0.188,1,4,Major arterial,0.0 -111.905557,500 WEST,1,24.0,6273,12.0
225,1,6270,"<LineString><coordinates>-111.904968,40.593778,0.0 -111.904563,40.592351,0.0</coordinates></LineString>",120.0,633.0,40.593778,0.1007,1,4,Major arterial,0.0 -111.904563,500 WEST,1,24.0,10853,12.0
226,1,6273,"<LineString><coordinates>-111.905797,40.596424,0.0 -111.904967,40.593774,0.0</coordinates></LineString>",120.0,633.0,40.596424,0.188,1,4,Major arterial,0.0 -111.904967,500 WEST,1,24.0,6270,12.0
227,1,6273,"<LineString><coordinates>-111.905579,40.596540,0.0 -111.906032,40.597112,0.0</coordinates></LineString>",120.0,633.0,40.59654,0.0461,1,4,Major arterial,0.0 -111.906032,500 WEST,1,24.0,10851,12.0
228,1,7210,"<LineString><coordinates>-111.904865,40.585748,0.0 -111.904219,40.585506,0.0</coordinates></LineString>",120.0,633.0,40.585748,0.0378,1,4,Major arterial,0.0 -111.904219,500 WEST,1,24.0,10850,12.0
229,1,7210,"<LineString><coordinates>-111.904721,40.585790,0.0 -111.904093,40.586615,0.0</coordinates></LineString>",120.0,633.0,40.58579,0.0658,1,4,Major arterial,0.0 -111.904093,500 WEST,1,24.0,10854,12.0
230,1,7210,"<LineString><coordinates>-111.904924,40.585938,0.0 -111.905591,40.584981,0.0</coordinates></LineString>",120.0,633.0,40.585938,0.0747,1,4,Major arterial,0.0 -111.905591,700 WEST,1,24.0,11763,12.0
231,1,7984,"<LineString><coordinates>-111.900826,40.580650,0.0 -111.900919,40.573577,0.0</coordinates></LineString>",120.0,633.0,40.58065,0.4879,1,4,Major arterial,0.0 -111.900919,500 WEST,1,24.0,5728,12.0
232,1,7984,"<LineString><coordinates>-111.900575,40.580647,0.0 -111.900546,40.584263,0.0</coordinates></LineString>",120.0,633.0,40.580647,0.2495,1,4,Major arterial,0.0 -111.900546,500 WEST,1,24.0,10849,12.0
233,1,7984,"<LineString><coordinates>-111.900701,40.580774,0.0 -111.902652,40.580773,0.0</coordinates></LineString>",120.0,814.0,40.580774,0.1026,1,3,Principal燼rterial,0.0 -111.902652,9400 SOUT,1,30.0,11489,12.0
234,1,8002,"<LineString><coordinates>-111.943372,40.593851,0.0 -111.938769,40.593887,0.0</coordinates></LineString>",120.0,514.0,40.593851,0.242,1,5,Minor arterial,0.0 -111.938769,8660 S,1,26.0,5113,12.0
235,1,8116,"<LineString><coordinates>-111.944861,40.602166,0.0 -111.938694,40.602217,0.0</coordinates></LineString>",120.0,514.0,40.602166,0.3243,1,5,Minor arterial,0.0 -111.938694,SUGAR FACT,1,26.0,5736,12.0
236,1,8172,"<LineString><coordinates>-111.905377,40.580699,0.0 -111.905373,40.583282,0.0</coordinates></LineString>",120.0,633.0,40.580699,0.1782,1,4,Major arterial,0.0 -111.905373,700 WEST,1,24.0,5730,12.0
237,1,8172,"<LineString><coordinates>-111.905629,40.580699,0.0 -111.905640,40.575754,0.0</coordinates></LineString>",120.0,666.0,40.580699,0.3411,1,4,Major arterial,0.0 -111.905640,700 WEST,1,29.0,6185,12.0
238,1,8172,"<LineString><coordinates>-111.905505,40.580574,0.0 -111.902654,40.580522,0.0</coordinates></LineString>",120.0,857.0,40.580574,0.1499,1,3,Principal燼rterial,0.0 -111.902654,9400 SOUT,1,35.0,11489,12.0
239,1,10847,"<LineString><coordinates>-111.902624,40.557153,0.0 -111.902649,40.558999,0.0</coordinates></LineString>",120.0,633.0,40.557153,0.1274,1,4,Major arterial,0.0 -111.902649,JORDAN GAT,2,30.0,5216,12.0
240,1,10849,"<LineString><coordinates>-111.900549,40.584289,0.0 -111.900819,40.585645,0.0</coordinates></LineString>",120.0,633.0,40.584289,0.0946,1,4,Major arterial,0.0 -111.900819,500 WEST,1,24.0,4156,12.0
241,1,10849,"<LineString><coordinates>-111.900798,40.584265,0.0 -111.900827,40.580649,0.0</coordinates></LineString>",120.0,633.0,40.584265,0.2495,1,4,Major arterial,0.0 -111.900827,500 WEST,1,24.0,7984,12.0
242,1,10850,"<LineString><coordinates>-111.904246,40.585520,0.0 -111.901905,40.583925,0.0</coordinates></LineString>",220.0,10000.0,40.58552,0.1651,1,1,Freeway,0.0 -111.901905,CONNECTOR,7,20.0,1360,12.0
243,1,10850,"<LineString><coordinates>-111.904175,40.585498,0.0 -111.900942,40.585494,0.0</coordinates></LineString>",120.0,633.0,40.585498,0.17,1,4,Major arterial,0.0 -111.900942,500 WEST,1,24.0,4156,12.0
244,1,10850,"<LineString><coordinates>-111.904131,40.585742,0.0 -111.904777,40.585984,0.0</coordinates></LineString>",120.0,633.0,40.585742,0.0378,1,4,Major arterial,0.0 -111.904777,500 WEST,1,24.0,7210,12.0
245,1,10851,"<LineString><coordinates>-111.906228,40.596956,0.0 -111.905775,40.596384,0.0</coordinates></LineString>",120.0,633.0,40.596956,0.0461,1,4,Major arterial,0.0 -111.905775,500 WEST,1,24.0,6273,12.0
246,1,10851,"<LineString><coordinates>-111.906080,40.597149,0.0 -111.909196,40.598497,0.0</coordinates></LineString>",120.0,633.0,40.597149,0.1884,1,4,Major arterial,0.0 -111.909196,500 WEST,1,24.0,10852,12.0
247,1,10852,"<LineString><coordinates>-111.909225,40.598506,0.0 -111.910247,40.598681,0.0</coordinates></LineString>",120.0,633.0,40.598506,0.0551,1,4,Major arterial,0.0 -111.910247,500 WEST,1,24.0,5106,12.0
248,1,10852,"<LineString><coordinates>-111.909296,40.598267,0.0 -111.906180,40.596919,0.0</coordinates></LineString>",120.0,633.0,40.598267,0.1884,1,4,Major arterial,0.0 -111.906180,500 WEST,1,24.0,10851,12.0
249,1,10853,"<LineString><coordinates>-111.904444,40.592510,0.0 -111.907453,40.592469,0.0</coordinates></LineString>",220.0,10000.0,40.59251,0.1583,1,1,Freeway,0.0 -111.907453,CONNECTOR,7,20.0,1325,12.0
250,1,10853,"<LineString><coordinates>-111.904321,40.592419,0.0 -111.904726,40.593846,0.0</coordinates></LineString>",120.0,633.0,40.592419,0.1007,1,4,Major arterial,0.0 -111.904726,500 WEST,1,24.0,6270,12.0
251,1,10853,"<LineString><coordinates>-111.904567,40.592375,0.0 -111.904383,40.589973,0.0</coordinates></LineString>",120.0,633.0,40.592375,0.166,1,4,Major arterial,0.0 -111.904383,500 WEST,1,24.0,11910,12.0
252,1,10854,"<LineString><coordinates>-111.904068,40.586697,0.0 -111.904135,40.588020,0.0</coordinates></LineString>",120.0,633.0,40.586697,0.0913,1,4,Major arterial,0.0 -111.904135,500 WEST,1,24.0,5118,12.0
253,1,10854,"<LineString><coordinates>-111.904293,40.586767,0.0 -111.904921,40.585942,0.0</coordinates></LineString>",120.0,633.0,40.586767,0.0658,1,4,Major arterial,0.0 -111.904921,500 WEST,1,24.0,7210,12.0
254,1,10857,"<LineString><coordinates>-111.919779,40.562379,0.0 -111.919383,40.560286,0.0</coordinates></LineString>",120.0,514.0,40.562379,0.1459,1,5,Minor arterial,0.0 -111.919383,1000 WEST,1,26.0,5587,12.0
255,1,10857,"<LineString><coordinates>-111.919530,40.562401,0.0 -111.919500,40.565870,0.0</coordinates></LineString>",120.0,514.0,40.562401,0.2393,1,5,Minor arterial,0.0 -111.919500,1000 WEST,1,26.0,6255,12.0
256,1,10872,"<LineString><coordinates>-111.913115,40.620969,0.0 -111.910243,40.620794,0.0</coordinates></LineString>",120.0,814.0,40.620969,0.18159,1,3,Principal燼rterial,0.0 -111.910243,7000 SOUTH,2,36.0,5030,12.0
257,1,10872,"<LineString><coordinates>-111.913066,40.621213,0.0 -111.915153,40.621936,0.0</coordinates></LineString>",120.0,814.0,40.621213,0.1205,1,3,Principal燼rterial,0.0 -111.915153,7000 SOUTH,2,36.0,5861,12.0
258,1,11123,"<LineString><coordinates>-111.943739,40.609394,0.0 -111.938751,40.609391,0.0</coordinates></LineString>",120.0,814.0,40.609394,0.2622,1,3,Principal燼rterial,0.0 -111.938751,7800 SOUTH,2,36.0,5017,12.0
259,1,11124,"<LineString><coordinates>-111.931698,40.609560,0.0 -111.933747,40.616741,0.0</coordinates></LineString>",220.0,10000.0,40.60956,0.5069,1,1,Freeway,0.0 -111.933747,CONNECTOR,7,21.0,1289,12.0
260,1,11124,"<LineString><coordinates>-111.931901,40.609621,0.0 -111.934490,40.607392,0.0</coordinates></LineString>",220.0,10000.0,40.609621,0.2054,1,1,Freeway,0.0 -111.934490,CONNECTOR,7,21.0,1319,12.0
261,1,11124,"<LineString><coordinates>-111.931819,40.609652,0.0 -111.938751,40.609643,0.0</coordinates></LineString>",120.0,814.0,40.609652,0.3644,1,3,Principal燼rterial,0.0 -111.938751,7800 SOUTH,2,36.0,5017,12.0
262,1,11124,"<LineString><coordinates>-111.931824,40.609401,0.0 -111.929168,40.609290,0.0</coordinates></LineString>",120.0,814.0,40.609401,0.1398,1,3,Principal燼rterial,0.0 -111.929168,7800 SOUTH,2,36.0,5022,12.0
263,1,11125,"<LineString><coordinates>-111.933845,40.624028,0.0 -111.934077,40.630780,0.0</coordinates></LineString>",220.0,10000.0,40.624028,0.466,1,1,Freeway,0.0 -111.934077,CONNECTOR,7,21.0,1286,12.0
264,1,11125,"<LineString><coordinates>-111.934095,40.624022,0.0 -111.933993,40.616705,0.0</coordinates></LineString>",220.0,10000.0,40.624022,0.5047,1,1,Freeway,0.0 -111.933993,CONNECTOR,7,21.0,1289,12.0
265,1,11125,"<LineString><coordinates>-111.933968,40.624149,0.0 -111.938740,40.624210,0.0</coordinates></LineString>",120.0,814.0,40.624149,0.2509,1,3,Principal燼rterial,0.0 -111.938740,7000 SOUTH,2,36.0,5436,12.0
266,1,11125,"<LineString><coordinates>-111.933968,40.623899,0.0 -111.929187,40.623992,0.0</coordinates></LineString>",120.0,814.0,40.623899,0.27676999999999996,1,3,Principal燼rterial,0.0 -111.929187,7000 SOUTH,2,36.0,5440,12.0
267,1,11126,"<LineString><coordinates>-111.918675,40.623604,0.0 -111.917145,40.623124,0.0</coordinates></LineString>",120.0,814.0,40.623604,0.11932000000000001,1,3,Principal燼rterial,0.0 -111.917145,7000 SOUTH,2,36.0,5441,12.0
268,1,11126,"<LineString><coordinates>-111.918637,40.623850,0.0 -111.924686,40.623872,0.0</coordinates></LineString>",120.0,814.0,40.62385,0.3179,1,3,Principal燼rterial,0.0 -111.924686,7000 SOUTH,2,36.0,11127,12.0
269,1,11127,"<LineString><coordinates>-111.924676,40.623871,0.0 -111.929179,40.624242,0.0</coordinates></LineString>",120.0,814.0,40.623871,0.25977,1,3,Principal燼rterial,0.0 -111.929179,7000 SOUTH,2,36.0,5440,12.0
270,1,11127,"<LineString><coordinates>-111.924686,40.623620,0.0 -111.918637,40.623598,0.0</coordinates></LineString>",120.0,814.0,40.62362,0.3179,1,3,Principal燼rterial,0.0 -111.918637,7000 SOUTH,2,36.0,11126,12.0
271,1,11128,"<LineString><coordinates>-111.907652,40.620981,0.0 -111.910232,40.621044,0.0</coordinates></LineString>",120.0,814.0,40.620981,0.13451,1,3,Principal燼rterial,0.0 -111.910232,7200 SOUTH,2,29.0,5030,12.0
272,1,11128,"<LineString><coordinates>-111.907657,40.620731,0.0 -111.904769,40.620683,0.0</coordinates></LineString>",120.0,814.0,40.620731,0.33214,1,3,Principal燼rterial,0.0 -111.904769,7200 SOUTH,2,29.0,5037,12.0
273,1,11129,"<LineString><coordinates>-111.907514,40.610921,0.0 -111.907929,40.616184,0.0</coordinates></LineString>",220.0,10000.0,40.610921,0.3637,1,1,Freeway,0.0 -111.907929,CONNECTOR,7,21.0,1299,12.0
274,1,11129,"<LineString><coordinates>-111.907651,40.611036,0.0 -111.910326,40.610780,0.0</coordinates></LineString>",120.0,814.0,40.611036,0.1417,1,3,Principal燼rterial,0.0 -111.910326,CENTER ST,2,36.0,5027,12.0
275,1,11129,"<LineString><coordinates>-111.907639,40.610785,0.0 -111.902815,40.610798,0.0</coordinates></LineString>",120.0,814.0,40.610785,0.27834000000000003,1,3,Principal燼rterial,0.0 -111.902815,CENTER ST,2,36.0,5034,12.0
276,1,11146,"<LineString><coordinates>-111.938848,40.606023,0.0 -111.944064,40.606451,0.0</coordinates></LineString>",220.0,10000.0,40.606023,0.2758,1,1,Freeway,0.0 -111.944064,CONNECTOR,7,21.0,1314,12.0
277,1,11146,"<LineString><coordinates>-111.938733,40.605894,0.0 -111.938626,40.609513,0.0</coordinates></LineString>",120.0,854.0,40.605894,0.2497,1,2,Highway/Expressway,0.0 -111.938626,REDWOOD RD,3,43.0,5017,12.0
278,1,11146,"<LineString><coordinates>-111.938983,40.605892,0.0 -111.938820,40.602337,0.0</coordinates></LineString>",120.0,854.0,40.605892,0.2454,1,2,Highway/Expressway,0.0 -111.938820,REDWOOD RD,3,43.0,5736,12.0
279,1,11147,"<LineString><coordinates>-111.929110,40.607686,0.0 -111.929038,40.609410,0.0</coordinates></LineString>",120.0,666.0,40.607686,0.119,1,4,Major arterial,0.0 -111.929038,1300 WEST,1,32.0,5022,12.0
280,1,11147,"<LineString><coordinates>-111.929361,40.607692,0.0 -111.929393,40.603322,0.0</coordinates></LineString>",120.0,666.0,40.607692,0.3015,1,4,Major arterial,0.0 -111.929393,1300 WEST,1,32.0,5820,12.0
281,1,11148,"<LineString><coordinates>-111.938820,40.599162,0.0 -111.943592,40.598129,0.0</coordinates></LineString>",220.0,10000.0,40.599162,0.2608,1,1,Freeway,0.0 -111.943592,CONNECTOR,7,21.0,1316,12.0
282,1,11148,"<LineString><coordinates>-111.938768,40.598916,0.0 -111.934127,40.599870,0.0</coordinates></LineString>",220.0,10000.0,40.598916,0.2527,1,1,Freeway,0.0 -111.934127,CONNECTOR,7,21.0,1320,12.0
283,1,11148,"<LineString><coordinates>-111.938919,40.599038,0.0 -111.938896,40.594012,0.0</coordinates></LineString>",120.0,854.0,40.599038,0.3466,1,2,Highway/Expressway,0.0 -111.938896,REDWOOD RD,3,43.0,5113,12.0
284,1,11148,"<LineString><coordinates>-111.938668,40.599035,0.0 -111.938570,40.602339,0.0</coordinates></LineString>",120.0,854.0,40.599035,0.228,1,2,Highway/Expressway,0.0 -111.938570,REDWOOD RD,3,43.0,5736,12.0
285,1,11150,"<LineString><coordinates>-111.910206,40.607206,0.0 -111.910188,40.610654,0.0</coordinates></LineString>",120.0,666.0,40.607206,0.2378,1,4,Major arterial,0.0 -111.910188,700 WEST,1,29.0,5027,12.0
286,1,11150,"<LineString><coordinates>-111.910457,40.607205,0.0 -111.910440,40.605937,0.0</coordinates></LineString>",120.0,666.0,40.607205,0.0875,1,4,Major arterial,0.0 -111.910440,700 WEST,1,29.0,5109,12.0
287,1,11151,"<LineString><coordinates>-111.906611,40.606086,0.0 -111.910316,40.606065,0.0</coordinates></LineString>",120.0,514.0,40.606086,0.1948,1,5,Minor arterial,0.0 -111.910316,8000 SOUTH,1,26.0,5109,12.0
288,1,11159,"<LineString><coordinates>-111.943604,40.587636,0.0 -111.938730,40.587636,0.0</coordinates></LineString>",120.0,892.0,40.587636,0.2563,1,2,Highway/Expressway,0.0 -111.938730,9000 SOUTH,2,39.0,5112,12.0
289,1,11160,"<LineString><coordinates>-111.938877,40.590969,0.0 -111.943410,40.591016,0.0</coordinates></LineString>",220.0,10000.0,40.590969,0.2384,1,1,Freeway,0.0 -111.943410,CONNECTOR,7,21.0,1318,12.0
290,1,11160,"<LineString><coordinates>-111.939003,40.590838,0.0 -111.938855,40.587756,0.0</coordinates></LineString>",120.0,854.0,40.590838,0.2128,1,2,Highway/Expressway,0.0 -111.938855,REDWOOD RD,3,43.0,5112,12.0
291,1,11160,"<LineString><coordinates>-111.938753,40.590840,0.0 -111.938645,40.594009,0.0</coordinates></LineString>",120.0,854.0,40.59084,0.2187,1,2,Highway/Expressway,0.0 -111.938645,REDWOOD RD,3,43.0,5113,12.0
292,1,11161,"<LineString><coordinates>-111.929273,40.591173,0.0 -111.934350,40.591132,0.0</coordinates></LineString>",220.0,10000.0,40.591173,0.267,1,1,Freeway,0.0 -111.934350,CONNECTOR,7,21.0,1322,12.0
293,1,11161,"<LineString><coordinates>-111.929147,40.591045,0.0 -111.929098,40.594989,0.0</coordinates></LineString>",120.0,666.0,40.591045,0.2721,1,4,Major arterial,0.0 -111.929098,1300 WEST,1,32.0,5103,12.0
294,1,11161,"<LineString><coordinates>-111.929397,40.591044,0.0 -111.929320,40.587791,0.0</coordinates></LineString>",120.0,666.0,40.591044,0.2244,1,4,Major arterial,0.0 -111.929320,1300 WEST,1,32.0,5114,12.0
295,1,11172,"<LineString><coordinates>-111.938821,40.584296,0.0 -111.943607,40.584217,0.0</coordinates></LineString>",220.0,10000.0,40.584296,0.2518,1,1,Freeway,0.0 -111.943607,CONNECTOR,7,21.0,1346,12.0
296,1,11172,"<LineString><coordinates>-111.938822,40.584046,0.0 -111.934269,40.583943,0.0</coordinates></LineString>",220.0,10000.0,40.584046,0.2395,1,1,Freeway,0.0 -111.934269,CONNECTOR,7,21.0,1353,12.0
297,1,11172,"<LineString><coordinates>-111.938694,40.584168,0.0 -111.938605,40.587759,0.0</coordinates></LineString>",120.0,892.0,40.584168,0.2477,1,2,Highway/Expressway,0.0 -111.938605,REDWOOD RD,2,39.0,5112,12.0
298,1,11172,"<LineString><coordinates>-111.938944,40.584170,0.0 -111.938866,40.576960,0.0</coordinates></LineString>",120.0,892.0,40.58417,0.4974,1,2,Highway/Expressway,0.0 -111.938866,REDWOOD RD,2,39.0,5210,12.0
299,1,11173,"<LineString><coordinates>-111.929254,40.584494,0.0 -111.934274,40.584193,0.0</coordinates></LineString>",220.0,10000.0,40.584494,0.2648,1,1,Freeway,0.0 -111.934274,CONNECTOR,7,21.0,1353,12.0
300,1,11173,"<LineString><coordinates>-111.929253,40.584244,0.0 -111.923435,40.583929,0.0</coordinates></LineString>",220.0,10000.0,40.584244,0.3067,1,1,Freeway,0.0 -111.923435,CONNECTOR,7,20.0,1354,12.0
301,1,11173,"<LineString><coordinates>-111.929121,40.584367,0.0 -111.929070,40.587792,0.0</coordinates></LineString>",120.0,666.0,40.584367,0.2362,1,4,Major arterial,0.0 -111.929070,1300 WEST,1,29.0,5114,12.0
302,1,11173,"<LineString><coordinates>-111.929372,40.584368,0.0 -111.929298,40.576739,0.0</coordinates></LineString>",120.0,666.0,40.584368,0.5262,1,4,Major arterial,0.0 -111.929298,1300 WEST,1,29.0,5219,12.0
303,1,11180,"<LineString><coordinates>-111.944445,40.573128,0.0 -111.938690,40.572986,0.0</coordinates></LineString>",120.0,666.0,40.573128,0.3029,1,4,Major arterial,0.0 -111.938690,9800 SOUTH,1,29.0,5211,12.0
304,1,11181,"<LineString><coordinates>-111.930938,40.573257,0.0 -111.934259,40.576954,0.0</coordinates></LineString>",220.0,10000.0,40.573257,0.3091,1,1,Freeway,0.0 -111.934259,CONNECTOR,7,21.0,1349,12.0
305,1,11181,"<LineString><coordinates>-111.931141,40.573234,0.0 -111.934073,40.567937,0.0</coordinates></LineString>",220.0,10000.0,40.573234,0.3966,1,1,Freeway,0.0 -111.934073,CONNECTOR,7,21.0,1352,12.0
306,1,11181,"<LineString><coordinates>-111.931032,40.573299,0.0 -111.938688,40.573237,0.0</coordinates></LineString>",120.0,666.0,40.573299,0.4027,1,4,Major arterial,0.0 -111.938688,9800 SOUTH,1,29.0,5211,12.0
307,1,11181,"<LineString><coordinates>-111.931101,40.573069,0.0 -111.930224,40.572476,0.0</coordinates></LineString>",120.0,666.0,40.573069,0.0616,1,4,Major arterial,0.0 -111.930224,9800 SOUTH,1,29.0,11182,12.0
308,1,11182,"<LineString><coordinates>-111.930165,40.572455,0.0 -111.929212,40.572368,0.0</coordinates></LineString>",120.0,666.0,40.572455,0.0505,1,4,Major arterial,0.0 -111.929212,9800 SOUTH,1,29.0,5232,12.0
309,1,11182,"<LineString><coordinates>-111.930084,40.572684,0.0 -111.930961,40.573277,0.0</coordinates></LineString>",120.0,666.0,40.572684,0.0616,1,4,Major arterial,0.0 -111.930961,9800 SOUTH,1,29.0,11181,12.0
310,1,11183,"<LineString><coordinates>-111.923287,40.572516,0.0 -111.924627,40.576671,0.0</coordinates></LineString>",220.0,10000.0,40.572516,0.2952,1,1,Freeway,0.0 -111.924627,CONNECTOR,7,21.0,1355,12.0
311,1,11183,"<LineString><coordinates>-111.923530,40.572494,0.0 -111.924238,40.567194,0.0</coordinates></LineString>",220.0,10000.0,40.572494,0.3674,1,1,Freeway,0.0 -111.924238,CONNECTOR,7,21.0,1356,12.0
312,1,11183,"<LineString><coordinates>-111.923407,40.572351,0.0 -111.919679,40.572328,0.0</coordinates></LineString>",120.0,666.0,40.572351,0.1961,1,4,Major arterial,0.0 -111.919679,9800 SOUTH,1,29.0,5215,12.0
313,1,11183,"<LineString><coordinates>-111.923406,40.572603,0.0 -111.929201,40.572619,0.0</coordinates></LineString>",120.0,666.0,40.572603,0.3048,1,4,Major arterial,0.0 -111.929201,9800 SOUTH,1,29.0,5232,12.0
314,1,11184,"<LineString><coordinates>-111.913783,40.572456,0.0 -111.917031,40.572113,0.0</coordinates></LineString>",120.0,633.0,40.572456,0.1725,1,4,Major arterial,0.0 -111.917031,9800 SOUTH,1,24.0,5588,12.0
315,1,11184,"<LineString><coordinates>-111.913824,40.572218,0.0 -111.908425,40.569641,0.0</coordinates></LineString>",120.0,633.0,40.572218,0.335,1,4,Major arterial,0.0 -111.908425,9800 SOUTH,1,24.0,11257,12.0
316,1,11255,"<LineString><coordinates>-111.907891,40.587938,0.0 -111.910230,40.587842,0.0</coordinates></LineString>",120.0,847.0,40.587938,0.1231,1,2,Highway/Expressway,0.0 -111.910230,9000 SOUTH,2,32.0,5117,12.0
317,1,11255,"<LineString><coordinates>-111.907879,40.587688,0.0 -111.904253,40.587889,0.0</coordinates></LineString>",120.0,847.0,40.587688,0.1912,1,2,Highway/Expressway,0.0 -111.904253,9000 SOUTH,2,32.0,5118,12.0
318,1,11257,"<LineString><coordinates>-111.908246,40.569740,0.0 -111.908028,40.571746,0.0</coordinates></LineString>",220.0,10000.0,40.56974,0.1389,1,1,Freeway,0.0 -111.908028,CONNECTOR,7,20.0,1404,12.0
319,1,11257,"<LineString><coordinates>-111.908373,40.569629,0.0 -111.904350,40.569571,0.0</coordinates></LineString>",120.0,633.0,40.569629,0.2117,1,4,Major arterial,0.0 -111.904350,9800 SOUTH,1,24.0,5175,12.0
320,1,11257,"<LineString><coordinates>-111.908317,40.569867,0.0 -111.913716,40.572444,0.0</coordinates></LineString>",120.0,633.0,40.569867,0.335,1,4,Major arterial,0.0 -111.913716,9800 SOUTH,1,24.0,11184,12.0
321,1,11259,"<LineString><coordinates>-111.926625,40.561952,0.0 -111.924002,40.567120,0.0</coordinates></LineString>",220.0,10000.0,40.561952,0.3823,1,1,Freeway,0.0 -111.924002,CONNECTOR,7,21.0,1356,12.0
322,1,11259,"<LineString><coordinates>-111.926727,40.562134,0.0 -111.929197,40.562325,0.0</coordinates></LineString>",120.0,814.0,40.562134,0.1306,1,3,Principal燼rterial,0.0 -111.929197,SOUTH JORDAN,2,36.0,5214,12.0
323,1,11259,"<LineString><coordinates>-111.926765,40.561887,0.0 -111.919288,40.560187,0.0</coordinates></LineString>",120.0,814.0,40.561887,0.4105,1,3,Principal燼rterial,0.0 -111.919288,SOUTH JORDAN,2,36.0,5587,12.0
324,1,11261,"<LineString><coordinates>-111.934487,40.562283,0.0 -111.933838,40.567861,0.0</coordinates></LineString>",220.0,10000.0,40.562283,0.3863,1,1,Freeway,0.0 -111.933838,CONNECTOR,7,21.0,1352,12.0
325,1,11261,"<LineString><coordinates>-111.934734,40.562326,0.0 -111.936711,40.553593,0.0</coordinates></LineString>",220.0,10000.0,40.562326,0.6112,1,1,Freeway,0.0 -111.936711,CONNECTOR,7,21.0,1397,12.0
326,1,11261,"<LineString><coordinates>-111.934612,40.562424,0.0 -111.938693,40.562411,0.0</coordinates></LineString>",120.0,814.0,40.562424,0.2147,1,3,Principal燼rterial,0.0 -111.938693,SOUTH JORDAN,2,36.0,5208,12.0
327,1,11261,"<LineString><coordinates>-111.934614,40.562173,0.0 -111.929209,40.562075,0.0</coordinates></LineString>",120.0,814.0,40.562173,0.2844,1,3,Principal燼rterial,0.0 -111.929209,SOUTH JORDAN,2,36.0,5214,12.0
328,1,11281,"<LineString><coordinates>-111.929027,40.555762,0.0 -111.929081,40.562201,0.0</coordinates></LineString>",120.0,666.0,40.555762,0.4441,1,4,Major arterial,0.0 -111.929081,1300 WEST,1,29.0,5214,12.0
329,1,11282,"<LineString><coordinates>-111.943761,40.562121,0.0 -111.938692,40.562159,0.0</coordinates></LineString>",120.0,857.0,40.562121,0.2666,1,3,Principal燼rterial,0.0 -111.938692,10400 SOUTH,1,35.0,5208,12.0
330,1,11489,"<LineString><coordinates>-111.902530,40.580617,0.0 -111.901712,40.583999,0.0</coordinates></LineString>",220.0,10000.0,40.580617,0.2373,1,1,Freeway,0.0 -111.901712,CONNECTOR,7,20.0,1360,12.0
331,1,11489,"<LineString><coordinates>-111.902652,40.580521,0.0 -111.900701,40.580522,0.0</coordinates></LineString>",120.0,814.0,40.580521,0.1026,1,3,Principal燼rterial,0.0 -111.900701,9400 SOUT,1,30.0,7984,12.0
332,1,11489,"<LineString><coordinates>-111.902650,40.580772,0.0 -111.905501,40.580824,0.0</coordinates></LineString>",120.0,857.0,40.580772,0.1499,1,3,Principal燼rterial,0.0 -111.905501,9400 SOUT,1,35.0,8172,12.0
333,1,11507,"<LineString><coordinates>-111.902518,40.562268,0.0 -111.900739,40.562396,0.0</coordinates></LineString>",120.0,601.0,40.562268,0.094,1,4,Major arterial,0.0 -111.900739,300 WEST,2,25.0,3689,12.0
334,1,11507,"<LineString><coordinates>-111.902652,40.562402,0.0 -111.902899,40.559006,0.0</coordinates></LineString>",120.0,601.0,40.562402,0.2346,1,4,Major arterial,0.0 -111.902899,300 WEST,2,25.0,5216,12.0
335,1,11763,"<LineString><coordinates>-111.905614,40.584910,0.0 -111.905625,40.583283,0.0</coordinates></LineString>",120.0,633.0,40.58491,0.1123,1,4,Major arterial,0.0 -111.905625,700 WEST,1,24.0,5730,12.0
336,1,11763,"<LineString><coordinates>-111.905385,40.584837,0.0 -111.904718,40.585794,0.0</coordinates></LineString>",120.0,633.0,40.584837,0.0747,1,4,Major arterial,0.0 -111.904718,700 WEST,1,24.0,7210,12.0
337,1,11827,"<LineString><coordinates>-111.929318,40.626782,0.0 -111.929315,40.624117,0.0</coordinates></LineString>",120.0,666.0,40.626782,0.18980999999999998,1,4,Major arterial,0.0 -111.929315,1300 WEST,1,32.0,5440,12.0
338,1,11910,"<LineString><coordinates>-111.904384,40.589983,0.0 -111.904386,40.588014,0.0</coordinates></LineString>",120.0,633.0,40.589983,0.1358,1,4,Major arterial,0.0 -111.904386,500 WEST,1,24.0,5118,12.0
339,1,11910,"<LineString><coordinates>-111.904133,40.589993,0.0 -111.904317,40.592395,0.0</coordinates></LineString>",120.0,633.0,40.589993,0.166,1,4,Major arterial,0.0 -111.904317,500 WEST,1,24.0,10853,12.0
340,1,1358,"<LineString><coordinates>-111.911558,40.583635,0.0 -111.913196,40.583359,0.0 -111.914968,40.583014,0.0 -111.915777,40.582371,0.0 -111.916263,40.581313,0.0</coordinates></LineString>",120.0,600.0,40.583635,0.12113,1,3,Principal燼rterial,0.0 -111.913196,RIVERSIDE,1,35.0,3000,12.0
341,1,1358,"<LineString><coordinates>-111.910345,40.587754,0.0 -111.910430,40.585071,0.0 -111.910482,40.584841,0.0 -111.910561,40.584618,0.0 -111.910666,40.584406,0.0 -111.910795,40.584208,0.0 -111.910947,40.584027,0.0 -111.911119,40.583865,0.0 -111.911309,40.583725,0.0 -111.911515,40.583608,0.0 -111.911622,40.583559,0.0</coordinates></LineString>",120.0,600.0,40.587754,0.12113,1,3,Principal燼rterial,0.0 -111.910430,RIVERSIDE,1,35.0,5117,12.0
342,1,5117,"<LineString><coordinates>-111.911382,40.583485,0.0 -111.911170,40.583589,0.0 -111.910972,40.583718,0.0 -111.910790,40.583869,0.0 -111.910628,40.584041,0.0 -111.910487,40.584231,0.0 -111.910370,40.584436,0.0 -111.910278,40.584654,0.0 -111.910213,40.584881,0.0 -111.910175,40.585114,0.0 -111.910105,40.587680,0.0</coordinates></LineString>",120.0,600.0,40.583485,0.12113,1,3,Principal燼rterial,0.0 -111.911170,RIVERSIDE,1,35.0,1358,12.0
343,1,3000,"<LineString><coordinates>-111.916151,40.581087,0.0 -111.915665,40.582145,0.0 -111.914856,40.582788,0.0 -111.913084,40.583133,0.0 -111.911446,40.583409,0.0</coordinates></LineString>",120.0,600.0,40.581087,0.12113,1,3,Principal燼rterial,0.0 -111.915665,RIVERSIDE,1,35.0,1358,12.0
344,1,6185,"<LineString><coordinates>-111.905637,40.575730,0.0 -111.906427,40.574484,0.0 -111.906467,40.574376,0.0 -111.906501,40.574267,0.0 -111.906527,40.574155,0.0 -111.906547,40.574042,0.0 -111.906559,40.573927,0.0 -111.906565,40.573813,0.0 -111.906563,40.573698,0.0 -111.906554,40.573583,0.0 -111.906538,40.573470,0.0 -111.906515,40.573357,0.0 -111.906485,40.573246,0.0 -111.906448,40.573137,0.0 -111.906405,40.573031,0.0 -111.906355,40.572928,0.0 -111.906298,40.572828,0.0 -111.904471,40.569672,0.0</coordinates></LineString>",120.0,600.0,40.57573,0.12113,1,4,Major arterial,0.0 -111.906427,JORDAN GATEWAY,2,35.0,5175,12.0
345,1,5175,"<LineString><coordinates>-111.904225,40.569720,0.0 -111.906052,40.572876,0.0 -111.906109,40.572976,0.0 -111.906159,40.573079,0.0 -111.906202,40.573185,0.0 -111.906239,40.573294,0.0 -111.906269,40.573405,0.0 -111.906292,40.573518,0.0 -111.906308,40.573631,0.0 -111.906317,40.573746,0.0 -111.906319,40.573861,0.0 -111.906313,40.573975,0.0 -111.906301,40.574090,0.0 -111.906281,40.574203,0.0 -111.906255,40.574315,0.0 -111.906221,40.574424,0.0 -111.906181,40.574532,0.0 -111.905391,40.575778,0.0</coordinates></LineString>",120.0,600.0,40.56972,0.12113,1,4,Major arterial,0.0 -111.906052,JORDAN GATEWAY,2,35.0,6185,12.0
346,1,3000,"<LineString><coordinates>-111.916215,40.581075,0.0 -111.914678,40.580493,0.0 -111.912865,40.580265,0.0 -111.909581,40.580665,0.0</coordinates></LineString>",120.0,600.0,40.581075,0.12113,1,3,Principal燼rterial,0.0 -111.914678,9400 SOUTH,1,35.0,3001,12.0
347,1,3001,"<LineString><coordinates>-111.909565,40.580915,0.0 -111.912849,40.580515,0.0 -111.914662,40.580743,0.0 -111.916199,40.581325,0.0</coordinates></LineString>",120.0,600.0,40.580915,0.12113,1,3,Principal燼rterial,0.0 -111.912849,9400 SOUTH,1,35.0,3000,12.0
348,1,3001,"<LineString><coordinates>-111.909573,40.580790,0.0 -111.905503,40.580699,0.0</coordinates></LineString>",120.0,600.0,40.58079,0.12113,1,3,Principal燼rterial,0.0 -111.905503,9400 SOUTH,1,35.0,8172,12.0
349,1,8172,"<LineString><coordinates>-111.905503,40.580699,0.0 -111.909573,40.580790,0.0</coordinates></LineString>",120.0,600.0,40.580699,0.12113,1,3,Principal燼rterial,0.0 -111.909573,9400 SOUTH,1,35.0,3000,12.0
350,1,3001,"<LineString><coordinates>-111.911723,40.577648,0.0 -111.909472,40.580716,0.0</coordinates></LineString>",220.0,10000.0,40.577648,0.12113,1,1,Freeway,0.0 -111.909472,CONNECTOR,7,21.0,1359,12.0
351,1,1359,"<LineString><coordinates>-111.909674,40.580864,0.0 -111.911925,40.577796,0.0</coordinates></LineString>",220.0,10000.0,40.580864,0.12113,1,1,Freeway,0.0 -111.911925,CONNECTOR,7,21.0,3001,12.0
352,1,5175,"<LineString><coordinates>-111.904470,40.569666,0.0 -111.904637,40.568396,0.0 -111.902649,40.562363,0.0</coordinates></LineString>",120.0,600.0,40.569666,0.12113,1,4,Major arterial,0.0 -111.904637,JORDAN GATEWAY,2,35.0,11507,12.0
353,1,11507,"<LineString><coordinates>-111.902405,40.562423,0.0 -111.904393,40.568456,0.0 -111.904226,40.569726,0.0</coordinates></LineString>",120.0,600.0,40.562423,0.12113,1,4,Major arterial,0.0 -111.904393,JORDAN GATEWAY,2,35.0,5175,12.0
354,1,1358,"<LineString><coordinates>-111.911136,40.581985,0.0 -111.911378,40.583541,0.0</coordinates></LineString>",220.0,10000.0,40.581985,0.12113,1,1,Freeway,0.0 -111.911378,CONNECTOR,7,21.0,3002,12.0
355,1,3002,"<LineString><coordinates>-111.911626,40.583503,0.0 -111.911384,40.581947,0.0</coordinates></LineString>",220.0,10000.0,40.583503,0.12113,1,1,Freeway,0.0 -111.911384,CONNECTOR,7,21.0,1358,12.0
356,1,1323,"<LineString><coordinates>-111.921427,40.591734,0.0 -111.929281,40.591172,0.0</coordinates></LineString>",220.0,10000.0,40.591734,0.12113,1,1,Freeway,0.0 -111.929281,CONNECTOR,7,21.0,11161,12.0
357,1,11161,"<LineString><coordinates>-111.929263,40.590922,0.0 -111.921409,40.591484,0.0</coordinates></LineString>",220.0,10000.0,40.590922,0.12113,1,1,Freeway,0.0 -111.921409,CONNECTOR,7,21.0,1323,12.0
358,1,1319,"<LineString><coordinates>-111.934446,40.607417,0.0 -111.938896,40.606018,0.0</coordinates></LineString>",220.0,10000.0,40.607417,0.12113,1,1,Freeway,0.0 -111.938896,CONNECTOR,7,21.0,11146,12.0
359,1,11146,"<LineString><coordinates>-111.938820,40.605778,0.0 -111.934370,40.607177,0.0</coordinates></LineString>",220.0,10000.0,40.605778,0.12113,1,1,Freeway,0.0 -111.934370,CONNECTOR,7,21.0,1319,12.0
360,1,1319,"<LineString><coordinates>-111.934398,40.607172,0.0 -111.929225,40.607566,0.0</coordinates></LineString>",220.0,10000.0,40.607172,0.12113,1,1,Freeway,0.0 -111.929225,CONNECTOR,7,21.0,11147,12.0
361,1,11147,"<LineString><coordinates>-111.929245,40.607816,0.0 -111.934418,40.607422,0.0</coordinates></LineString>",220.0,10000.0,40.607816,0.12113,1,1,Freeway,0.0 -111.934418,CONNECTOR,7,21.0,1319,12.0
362,1,1322,"<LineString><coordinates>-111.934353,40.591131,0.0 -111.938882,40.590969,0.0</coordinates></LineString>",220.0,10000.0,40.591131,0.12113,1,1,Freeway,0.0 -111.938882,CONNECTOR,7,21.0,11160,12.0
363,1,11160,"<LineString><coordinates>-111.938874,40.590719,0.0 -111.934345,40.590881,0.0</coordinates></LineString>",220.0,10000.0,40.590719,0.12113,1,1,Freeway,0.0 -111.934345,CONNECTOR,7,21.0,1322,12.0
364,1,1360,"<LineString><coordinates>-111.901859,40.584152,0.0 -111.905524,40.583405,0.0</coordinates></LineString>",220.0,10000.0,40.584152,0.12113,1,1,Freeway,0.0 -111.905524,CONNECTOR,7,21.0,5730,12.0
365,1,5730,"<LineString><coordinates>-111.905474,40.583159,0.0 -111.901809,40.583906,0.0</coordinates></LineString>",220.0,10000.0,40.583159,0.12113,1,1,Freeway,0.0 -111.901809,CONNECTOR,7,21.0,1360,12.0
366,1,5592,"<LineString><coordinates>-111.922175,40.587616,0.0 -111.920177,40.587612,0.0</coordinates></LineString>",120.0,847.0,40.587616,0.12113,1,2,Highway/Expressway,0.0 -111.920177,9000 SOUTH,2,32.0,1,12.0
367,1,1,"<LineString><coordinates>-111.920177,40.587612,0.0 -111.918417,40.587608,0.0</coordinates></LineString>",120.0,847.0,40.587612,0.12113,1,2,Highway/Expressway,0.0 -111.918417,9000 SOUTH,2,32.0,2,12.0
368,1,2,"<LineString><coordinates>-111.918417,40.587608,0.0 -111.916477,40.587604,0.0</coordinates></LineString>",120.0,847.0,40.587608,0.12113,1,2,Highway/Expressway,0.0 -111.916477,9000 SOUTH,2,32.0,3,12.0
369,1,3,"<LineString><coordinates>-111.916477,40.587604,0.0 -111.914379,40.587600,0.0</coordinates></LineString>",120.0,847.0,40.587604,0.12113,1,2,Highway/Expressway,0.0 -111.914379,9000 SOUTH,2,32.0,4,12.0
370,1,4,"<LineString><coordinates>-111.914379,40.587600,0.0 -111.912416,40.587596,0.0</coordinates></LineString>",120.0,847.0,40.5876,0.12113,1,2,Highway/Expressway,0.0 -111.912416,9000 SOUTH,2,32.0,5,12.0
371,1,5,"<LineString><coordinates>-111.912416,40.587596,0.0 -111.910225,40.587591,0.0</coordinates></LineString>",120.0,847.0,40.587596,0.12113,1,2,Highway/Expressway,0.0 -111.910225,9000 SOUTH,2,32.0,5117,12.0
372,1,5117,"<LineString><coordinates>-111.910225,40.587843,0.0 -111.912416,40.587848,0.0</coordinates></LineString>",120.0,847.0,40.587843,0.12113,1,2,Highway/Expressway,0.0 -111.912416,9000 SOUTH,2,32.0,5,12.0
373,1,5,"<LineString><coordinates>-111.912416,40.587848,0.0 -111.914379,40.587852,0.0</coordinates></LineString>",120.0,847.0,40.587848,0.12113,1,2,Highway/Expressway,0.0 -111.914379,9000 SOUTH,2,32.0,4,12.0
374,1,4,"<LineString><coordinates>-111.914379,40.587852,0.0 -111.916477,40.587856,0.0</coordinates></LineString>",120.0,847.0,40.587852,0.12113,1,2,Highway/Expressway,0.0 -111.916477,9000 SOUTH,2,32.0,3,12.0
375,1,3,"<LineString><coordinates>-111.916477,40.587856,0.0 -111.918417,40.587860,0.0</coordinates></LineString>",120.0,847.0,40.587856,0.12113,1,2,Highway/Expressway,0.0 -111.918417,9000 SOUTH,2,32.0,2,12.0
376,1,2,"<LineString><coordinates>-111.918417,40.587860,0.0 -111.920177,40.587864,0.0</coordinates></LineString>",120.0,847.0,40.58786,0.12113,1,2,Highway/Expressway,0.0 -111.920177,9000 SOUTH,2,32.0,1,12.0
377,1,1,"<LineString><coordinates>-111.920177,40.587864,0.0 -111.922175,40.587868,0.0</coordinates></LineString>",120.0,847.0,40.587864,0.12113,1,2,Highway/Expressway,0.0 -111.922175,9000 SOUTH,2,32.0,5592,12.0
